Workbook

Sheet trend
B5: =IFERROR(__xludf.DUMMYFUNCTION("UNIQUE(FILTER(template!$B$5:$B$38, NOT(ISBLANK(template!$B$5:$B$38)))) "),"Exercise") -> Exercise | C5: =template!$J$3 -> Week 1 | D5: =template!$Z$3 -> Week 2 | E5: =template!$AP$3 -> Week 3 | F5: =template!$BF$3 -> Week 4
B6: =IFERROR(__xludf.DUMMYFUNCTION("""COMPUTED_VALUE"""),"Leg press") -> Leg press | C6: =AVERAGEIF(template!$J:$J,B6,template!$Y:$Y) -> 0 | D6: =AVERAGEIF(template!$Z:$Z,B6,template!$AO:$AO) -> 0 | E6: =AVERAGEIF(template!$AP:$AP,B6,template!$BE:$BE) -> 0 | F6: =AVERAGEIF(template!$BF:$BF,B6,template!$BU:$BU) -> 0 | G6: =IF(SLOPE(C6:F6,{1;2;3;4}) > 0.5, "Significant Improvement", IF(SLOPE(C6:F6,{1;2;3;4}) > 0.1, "Slight Improvement", IF(SLOPE(C6:F6,{1;2;3;4}) >= -0.1, "Stable", IF(SLOPE(C6:F6,{1;2;3;4}) > -0.5, "Slight Decrease", "Significant Decrease")))) -> Stable
B7: =IFERROR(__xludf.DUMMYFUNCTION("""COMPUTED_VALUE"""),"Panca piana") -> Panca piana | C7: =AVERAGEIF(template!$J:$J,B7,template!$Y:$Y) -> 62.068966 | D7: =AVERAGEIF(template!$Z:$Z,B7,template!$AO:$AO) -> 0 | E7: =AVERAGEIF(template!$AP:$AP,B7,template!$BE:$BE) -> 0 | F7: =AVERAGEIF(template!$BF:$BF,B7,template!$BU:$BU) -> 0 | G7: =IF(SLOPE(C7:F7,{1;2;3;4}) > 0.5, "Significant Improvement", IF(SLOPE(C7:F7,{1;2;3;4}) > 0.1, "Slight Improvement", IF(SLOPE(C7:F7,{1;2;3;4}) >= -0.1, "Stable", IF(SLOPE(C7:F7,{1;2;3;4}) > -0.5, "Slight Decrease", "Significant Decrease")))) -> Significant Decrease
B8: =IFERROR(__xludf.DUMMYFUNCTION("""COMPUTED_VALUE"""),"Rematore [manubri]") -> Rematore [manubri] | C8: =AVERAGEIF(template!$J:$J,B8,template!$Y:$Y) -> 0 | D8: =AVERAGEIF(template!$Z:$Z,B8,template!$AO:$AO) -> 0 | E8: =AVERAGEIF(template!$AP:$AP,B8,template!$BE:$BE) -> 0 | F8: =AVERAGEIF(template!$BF:$BF,B8,template!$BU:$BU) -> 0 | G8: =IF(SLOPE(C8:F8,{1;2;3;4}) > 0.5, "Significant Improvement", IF(SLOPE(C8:F8,{1;2;3;4}) > 0.1, "Slight Improvement", IF(SLOPE(C8:F8,{1;2;3;4}) >= -0.1, "Stable", IF(SLOPE(C8:F8,{1;2;3;4}) > -0.5, "Slight Decrease", "Significant Decrease")))) -> Stable
B9: =IFERROR(__xludf.DUMMYFUNCTION("""COMPUTED_VALUE"""),"Shoulder press [manubri]") -> Shoulder press [manubri] | C9: =AVERAGEIF(template!$J:$J,B9,template!$Y:$Y) -> 0 | D9: =AVERAGEIF(template!$Z:$Z,B9,template!$AO:$AO) -> 0 | E9: =AVERAGEIF(template!$AP:$AP,B9,template!$BE:$BE) -> 0 | F9: =AVERAGEIF(template!$BF:$BF,B9,template!$BU:$BU) -> 0 | G9: =IF(SLOPE(C9:F9,{1;2;3;4}) > 0.5, "Significant Improvement", IF(SLOPE(C9:F9,{1;2;3;4}) > 0.1, "Slight Improvement", IF(SLOPE(C9:F9,{1;2;3;4}) >= -0.1, "Stable", IF(SLOPE(C9:F9,{1;2;3;4}) > -0.5, "Slight Decrease", "Significant Decrease")))) -> Stable
B10: =IFERROR(__xludf.DUMMYFUNCTION("""COMPUTED_VALUE"""),"Curl [manubri]") -> Curl [manubri] | C10: =AVERAGEIF(template!$J:$J,B10,template!$Y:$Y) -> 0 | D10: =AVERAGEIF(template!$Z:$Z,B10,template!$AO:$AO) -> 0 | E10: =AVERAGEIF(template!$AP:$AP,B10,template!$BE:$BE) -> 0 | F10: =AVERAGEIF(template!$BF:$BF,B10,template!$BU:$BU) -> 0 | G10: =IF(SLOPE(C10:F10,{1;2;3;4}) > 0.5, "Significant Improvement", IF(SLOPE(C10:F10,{1;2;3;4}) > 0.1, "Slight Improvement", IF(SLOPE(C10:F10,{1;2;3;4}) >= -0.1, "Stable", IF(SLOPE(C10:F10,{1;2;3;4}) > -0.5, "Slight Decrease", "Significant Decrease")))) -> Stable
B11: =IFERROR(__xludf.DUMMYFUNCTION("""COMPUTED_VALUE"""),"Plank") -> Plank | C11: =AVERAGEIF(template!$J:$J,B11,template!$Y:$Y) -> 0 | D11: =AVERAGEIF(template!$Z:$Z,B11,template!$AO:$AO) -> 0 | E11: =AVERAGEIF(template!$AP:$AP,B11,template!$BE:$BE) -> 0 | F11: =AVERAGEIF(template!$BF:$BF,B11,template!$BU:$BU) -> 0 | G11: =IF(SLOPE(C11:F11,{1;2;3;4}) > 0.5, "Significant Improvement", IF(SLOPE(C11:F11,{1;2;3;4}) > 0.1, "Slight Improvement", IF(SLOPE(C11:F11,{1;2;3;4}) >= -0.1, "Stable", IF(SLOPE(C11:F11,{1;2;3;4}) > -0.5, "Slight Decrease", "Significant Decrease")))) -> Stable
B12: =IFERROR(__xludf.DUMMYFUNCTION("""COMPUTED_VALUE"""),"Leg curl ") -> Leg curl | C12: =AVERAGEIF(template!$J:$J,B12,template!$Y:$Y) -> 0 | D12: =AVERAGEIF(template!$Z:$Z,B12,template!$AO:$AO) -> 0 | E12: =AVERAGEIF(template!$AP:$AP,B12,template!$BE:$BE) -> 0 | F12: =AVERAGEIF(template!$BF:$BF,B12,template!$BU:$BU) -> 0 | G12: =IF(SLOPE(C12:F12,{1;2;3;4}) > 0.5, "Significant Improvement", IF(SLOPE(C12:F12,{1;2;3;4}) > 0.1, "Slight Improvement", IF(SLOPE(C12:F12,{1;2;3;4}) >= -0.1, "Stable", IF(SLOPE(C12:F12,{1;2;3;4}) > -0.5, "Slight Decrease", "Significant Decrease")))) -> Stable
B13: =IFERROR(__xludf.DUMMYFUNCTION("""COMPUTED_VALUE"""),"Lat machine") -> Lat machine | C13: =AVERAGEIF(template!$J:$J,B13,template!$Y:$Y) -> 55.862069 | D13: =AVERAGEIF(template!$Z:$Z,B13,template!$AO:$AO) -> 0 | E13: =AVERAGEIF(template!$AP:$AP,B13,template!$BE:$BE) -> 0 | F13: =AVERAGEIF(template!$BF:$BF,B13,template!$BU:$BU) -> 0 | G13: =IF(SLOPE(C13:F13,{1;2;3;4}) > 0.5, "Significant Improvement", IF(SLOPE(C13:F13,{1;2;3;4}) > 0.1, "Slight Improvement", IF(SLOPE(C13:F13,{1;2;3;4}) >= -0.1, "Stable", IF(SLOPE(C13:F13,{1;2;3;4}) > -0.5, "Slight Decrease", "Significant Decrease")))) -> Significant Decrease
B14: =IFERROR(__xludf.DUMMYFUNCTION("""COMPUTED_VALUE"""),"Chest press") -> Chest press | C14: =AVERAGEIF(template!$J:$J,B14,template!$Y:$Y) -> 49.655172 | D14: =AVERAGEIF(template!$Z:$Z,B14,template!$AO:$AO) -> 0 | E14: =AVERAGEIF(template!$AP:$AP,B14,template!$BE:$BE) -> 0 | F14: =AVERAGEIF(template!$BF:$BF,B14,template!$BU:$BU) -> 0 | G14: =IF(SLOPE(C14:F14,{1;2;3;4}) > 0.5, "Significant Improvement", IF(SLOPE(C14:F14,{1;2;3;4}) > 0.1, "Slight Improvement", IF(SLOPE(C14:F14,{1;2;3;4}) >= -0.1, "Stable", IF(SLOPE(C14:F14,{1;2;3;4}) > -0.5, "Slight Decrease", "Significant Decrease")))) -> Significant Decrease
B15: =IFERROR(__xludf.DUMMYFUNCTION("""COMPUTED_VALUE"""),"Affondi [manubri]") -> Affondi [manubri] | C15: =AVERAGEIF(template!$J:$J,B15,template!$Y:$Y) -> 0 | D15: =AVERAGEIF(template!$Z:$Z,B15,template!$AO:$AO) -> 0 | E15: =AVERAGEIF(template!$AP:$AP,B15,template!$BE:$BE) -> 0 | F15: =AVERAGEIF(template!$BF:$BF,B15,template!$BU:$BU) -> 0 | G15: =IF(SLOPE(C15:F15,{1;2;3;4}) > 0.5, "Significant Improvement", IF(SLOPE(C15:F15,{1;2;3;4}) > 0.1, "Slight Improvement", IF(SLOPE(C15:F15,{1;2;3;4}) >= -0.1, "Stable", IF(SLOPE(C15:F15,{1;2;3;4}) > -0.5, "Slight Decrease", "Significant Decrease")))) -> Stable
B16: =IFERROR(__xludf.DUMMYFUNCTION("""COMPUTED_VALUE"""),"Estensioni tricipiti [cavi]") -> Estensioni tricipiti [cavi] | C16: =AVERAGEIF(template!$J:$J,B16,template!$Y:$Y) -> 0 | D16: =AVERAGEIF(template!$Z:$Z,B16,template!$AO:$AO) -> 0 | E16: =AVERAGEIF(template!$AP:$AP,B16,template!$BE:$BE) -> 0 | F16: =AVERAGEIF(template!$BF:$BF,B16,template!$BU:$BU) -> 0 | G16: =IF(SLOPE(C16:F16,{1;2;3;4}) > 0.5, "Significant Improvement", IF(SLOPE(C16:F16,{1;2;3;4}) > 0.1, "Slight Improvement", IF(SLOPE(C16:F16,{1;2;3;4}) >= -0.1, "Stable", IF(SLOPE(C16:F16,{1;2;3;4}) > -0.5, "Slight Decrease", "Significant Decrease")))) -> Stable
B17: =IFERROR(__xludf.DUMMYFUNCTION("""COMPUTED_VALUE"""),"Leg curl") -> Leg curl | C17: =AVERAGEIF(template!$J:$J,B17,template!$Y:$Y) -> 0 | D17: =AVERAGEIF(template!$Z:$Z,B17,template!$AO:$AO) -> 0 | E17: =AVERAGEIF(template!$AP:$AP,B17,template!$BE:$BE) -> 0 | F17: =AVERAGEIF(template!$BF:$BF,B17,template!$BU:$BU) -> 0 | G17: =IF(SLOPE(C17:F17,{1;2;3;4}) > 0.5, "Significant Improvement", IF(SLOPE(C17:F17,{1;2;3;4}) > 0.1, "Slight Improvement", IF(SLOPE(C17:F17,{1;2;3;4}) >= -0.1, "Stable", IF(SLOPE(C17:F17,{1;2;3;4}) > -0.5, "Slight Decrease", "Significant Decrease")))) -> Stable
B18: =IFERROR(__xludf.DUMMYFUNCTION("""COMPUTED_VALUE"""),"Panca inclinata [manubri]") -> Panca inclinata [manubri] | C18: =AVERAGEIF(template!$J:$J,B18,template!$Y:$Y) -> 0 | D18: =AVERAGEIF(template!$Z:$Z,B18,template!$AO:$AO) -> 0 | E18: =AVERAGEIF(template!$AP:$AP,B18,template!$BE:$BE) -> 0 | F18: =AVERAGEIF(template!$BF:$BF,B18,template!$BU:$BU) -> 0 | G18: =IF(SLOPE(C18:F18,{1;2;3;4}) > 0.5, "Significant Improvement", IF(SLOPE(C18:F18,{1;2;3;4}) > 0.1, "Slight Improvement", IF(SLOPE(C18:F18,{1;2;3;4}) >= -0.1, "Stable", IF(SLOPE(C18:F18,{1;2;3;4}) > -0.5, "Slight Decrease", "Significant Decrease")))) -> Stable
B19: =IFERROR(__xludf.DUMMYFUNCTION("""COMPUTED_VALUE"""),"Panca inclinata") -> Panca inclinata | C19: =AVERAGEIF(template!$J:$J,B19,template!$Y:$Y) -> 0 | D19: =AVERAGEIF(template!$Z:$Z,B19,template!$AO:$AO) -> 0 | E19: =AVERAGEIF(template!$AP:$AP,B19,template!$BE:$BE) -> 0 | F19: =AVERAGEIF(template!$BF:$BF,B19,template!$BU:$BU) -> 0 | G19: =IF(SLOPE(C19:F19,{1;2;3;4}) > 0.5, "Significant Improvement", IF(SLOPE(C19:F19,{1;2;3;4}) > 0.1, "Slight Improvement", IF(SLOPE(C19:F19,{1;2;3;4}) >= -0.1, "Stable", IF(SLOPE(C19:F19,{1;2;3;4}) > -0.5, "Slight Decrease", "Significant Decrease")))) -> Stable
B20: =IFERROR(__xludf.DUMMYFUNCTION("""COMPUTED_VALUE"""),"Pulley") -> Pulley | C20: =AVERAGEIF(template!$J:$J,B20,template!$Y:$Y) -> 0 | D20: =AVERAGEIF(template!$Z:$Z,B20,template!$AO:$AO) -> 0 | E20: =AVERAGEIF(template!$AP:$AP,B20,template!$BE:$BE) -> 0 | F20: =AVERAGEIF(template!$BF:$BF,B20,template!$BU:$BU) -> 0 | G20: =IF(SLOPE(C20:F20,{1;2;3;4}) > 0.5, "Significant Improvement", IF(SLOPE(C20:F20,{1;2;3;4}) > 0.1, "Slight Improvement", IF(SLOPE(C20:F20,{1;2;3;4}) >= -0.1, "Stable", IF(SLOPE(C20:F20,{1;2;3;4}) > -0.5, "Slight Decrease", "Significant Decrease")))) -> Stable
B21: =IFERROR(__xludf.DUMMYFUNCTION("""COMPUTED_VALUE"""),"7x7x7") -> 7x7x7 | C21: =AVERAGEIF(template!$J:$J,B21,template!$Y:$Y) -> 0 | D21: =AVERAGEIF(template!$Z:$Z,B21,template!$AO:$AO) -> 0 | E21: =AVERAGEIF(template!$AP:$AP,B21,template!$BE:$BE) -> 0 | F21: =AVERAGEIF(template!$BF:$BF,B21,template!$BU:$BU) -> 0 | G21: =IF(SLOPE(C21:F21,{1;2;3;4}) > 0.5, "Significant Improvement", IF(SLOPE(C21:F21,{1;2;3;4}) > 0.1, "Slight Improvement", IF(SLOPE(C21:F21,{1;2;3;4}) >= -0.1, "Stable", IF(SLOPE(C21:F21,{1;2;3;4}) > -0.5, "Slight Decrease", "Significant Decrease")))) -> Stable
B23: =IFERROR(__xludf.DUMMYFUNCTION("UNIQUE(FILTER(template!$B$5:$B$38, NOT(ISBLANK(template!$B$5:$B$38)))) "),"Exercise") -> Exercise | C23: =template!$J$3 -> Week 1 | D23: =template!$Z$3 -> Week 2 | E23: =template!$AP$3 -> Week 3 | F23: =template!$BF$3 -> Week 4
B24: =IFERROR(__xludf.DUMMYFUNCTION("""COMPUTED_VALUE"""),"Leg press") -> Leg press | C24: =SUMIF(template!$J:$J,B24,template!$X:$X) -> 0 | D24: =SUMIF(template!$Z:$Z,B24,template!$AN:$AN) -> 0 | E24: =SUMIF(template!$AP:$AP,B24,template!$BD:$BD) -> 0 | F24: =SUMIF(template!$BF:$BF,B24,template!$BT:$BT) -> 0
B25: =IFERROR(__xludf.DUMMYFUNCTION("""COMPUTED_VALUE"""),"Panca piana") -> Panca piana | C25: =SUMIF(template!$J:$J,B25,template!$X:$X) -> 664.81869 | D25: =SUMIF(template!$Z:$Z,B25,template!$AN:$AN) -> 0 | E25: =SUMIF(template!$AP:$AP,B25,template!$BD:$BD) -> 0 | F25: =SUMIF(template!$BF:$BF,B25,template!$BT:$BT) -> 0
B26: =IFERROR(__xludf.DUMMYFUNCTION("""COMPUTED_VALUE"""),"Rematore [manubri]") -> Rematore [manubri] | C26: =SUMIF(template!$J:$J,B26,template!$X:$X) -> 0 | D26: =SUMIF(template!$Z:$Z,B26,template!$AN:$AN) -> 0 | E26: =SUMIF(template!$AP:$AP,B26,template!$BD:$BD) -> 0 | F26: =SUMIF(template!$BF:$BF,B26,template!$BT:$BT) -> 0
B27: =IFERROR(__xludf.DUMMYFUNCTION("""COMPUTED_VALUE"""),"Shoulder press [manubri]") -> Shoulder press [manubri] | C27: =SUMIF(template!$J:$J,B27,template!$X:$X) -> 0 | D27: =SUMIF(template!$Z:$Z,B27,template!$AN:$AN) -> 0 | E27: =SUMIF(template!$AP:$AP,B27,template!$BD:$BD) -> 0 | F27: =SUMIF(template!$BF:$BF,B27,template!$BT:$BT) -> 0
B28: =IFERROR(__xludf.DUMMYFUNCTION("""COMPUTED_VALUE"""),"Curl [manubri]") -> Curl [manubri] | C28: =SUMIF(template!$J:$J,B28,template!$X:$X) -> 0 | D28: =SUMIF(template!$Z:$Z,B28,template!$AN:$AN) -> 0 | E28: =SUMIF(template!$AP:$AP,B28,template!$BD:$BD) -> 0 | F28: =SUMIF(template!$BF:$BF,B28,template!$BT:$BT) -> 0
B29: =IFERROR(__xludf.DUMMYFUNCTION("""COMPUTED_VALUE"""),"Plank") -> Plank | C29: =SUMIF(template!$J:$J,B29,template!$X:$X) -> 0 | D29: =SUMIF(template!$Z:$Z,B29,template!$AN:$AN) -> 0 | E29: =SUMIF(template!$AP:$AP,B29,template!$BD:$BD) -> 0 | F29: =SUMIF(template!$BF:$BF,B29,template!$BT:$BT) -> 0
B30: =IFERROR(__xludf.DUMMYFUNCTION("""COMPUTED_VALUE"""),"Leg curl ") -> Leg curl | C30: =SUMIF(template!$J:$J,B30,template!$X:$X) -> 0 | D30: =SUMIF(template!$Z:$Z,B30,template!$AN:$AN) -> 0 | E30: =SUMIF(template!$AP:$AP,B30,template!$BD:$BD) -> 0 | F30: =SUMIF(template!$BF:$BF,B30,template!$BT:$BT) -> 0
B31: =IFERROR(__xludf.DUMMYFUNCTION("""COMPUTED_VALUE"""),"Lat machine") -> Lat machine | C31: =SUMIF(template!$J:$J,B31,template!$X:$X) -> 1178.2951 | D31: =SUMIF(template!$Z:$Z,B31,template!$AN:$AN) -> 0 | E31: =SUMIF(template!$AP:$AP,B31,template!$BD:$BD) -> 0 | F31: =SUMIF(template!$BF:$BF,B31,template!$BT:$BT) -> 0
B32: =IFERROR(__xludf.DUMMYFUNCTION("""COMPUTED_VALUE"""),"Chest press") -> Chest press | C32: =SUMIF(template!$J:$J,B32,template!$X:$X) -> 711.65172 | D32: =SUMIF(template!$Z:$Z,B32,template!$AN:$AN) -> 0 | E32: =SUMIF(template!$AP:$AP,B32,template!$BD:$BD) -> 0 | F32: =SUMIF(template!$BF:$BF,B32,template!$BT:$BT) -> 0
B33: =IFERROR(__xludf.DUMMYFUNCTION("""COMPUTED_VALUE"""),"Affondi [manubri]") -> Affondi [manubri] | C33: =SUMIF(template!$J:$J,B33,template!$X:$X) -> 0 | D33: =SUMIF(template!$Z:$Z,B33,template!$AN:$AN) -> 0 | E33: =SUMIF(template!$AP:$AP,B33,template!$BD:$BD) -> 0 | F33: =SUMIF(template!$BF:$BF,B33,template!$BT:$BT) -> 0
B34: =IFERROR(__xludf.DUMMYFUNCTION("""COMPUTED_VALUE"""),"Estensioni tricipiti [cavi]") -> Estensioni tricipiti [cavi] | C34: =SUMIF(template!$J:$J,B34,template!$X:$X) -> 0 | D34: =SUMIF(template!$Z:$Z,B34,template!$AN:$AN) -> 0 | E34: =SUMIF(template!$AP:$AP,B34,template!$BD:$BD) -> 0 | F34: =SUMIF(template!$BF:$BF,B34,template!$BT:$BT) -> 0
B35: =IFERROR(__xludf.DUMMYFUNCTION("""COMPUTED_VALUE"""),"Leg curl") -> Leg curl | C35: =SUMIF(template!$J:$J,B35,template!$X:$X) -> 0 | D35: =SUMIF(template!$Z:$Z,B35,template!$AN:$AN) -> 0 | E35: =SUMIF(template!$AP:$AP,B35,template!$BD:$BD) -> 0 | F35: =SUMIF(template!$BF:$BF,B35,template!$BT:$BT) -> 0
B36: =IFERROR(__xludf.DUMMYFUNCTION("""COMPUTED_VALUE"""),"Panca inclinata [manubri]") -> Panca inclinata [manubri] | C36: =SUMIF(template!$J:$J,B36,template!$X:$X) -> 0 | D36: =SUMIF(template!$Z:$Z,B36,template!$AN:$AN) -> 0 | E36: =SUMIF(template!$AP:$AP,B36,template!$BD:$BD) -> 0 | F36: =SUMIF(template!$BF:$BF,B36,template!$BT:$BT) -> 0
B37: =IFERROR(__xludf.DUMMYFUNCTION("""COMPUTED_VALUE"""),"Panca inclinata") -> Panca inclinata | C37: =SUMIF(template!$J:$J,B37,template!$X:$X) -> 0 | D37: =SUMIF(template!$Z:$Z,B37,template!$AN:$AN) -> 0 | E37: =SUMIF(template!$AP:$AP,B37,template!$BD:$BD) -> 0 | F37: =SUMIF(template!$BF:$BF,B37,template!$BT:$BT) -> 0
B38: =IFERROR(__xludf.DUMMYFUNCTION("""COMPUTED_VALUE"""),"Pulley") -> Pulley | C38: =SUMIF(template!$J:$J,B38,template!$X:$X) -> 0 | D38: =SUMIF(template!$Z:$Z,B38,template!$AN:$AN) -> 0 | E38: =SUMIF(template!$AP:$AP,B38,template!$BD:$BD) -> 0 | F38: =SUMIF(template!$BF:$BF,B38,template!$BT:$BT) -> 0
B39: =IFERROR(__xludf.DUMMYFUNCTION("""COMPUTED_VALUE"""),"7x7x7") -> 7x7x7 | C39: =SUMIF(template!$J:$J,B39,template!$X:$X) -> 0 | D39: =SUMIF(template!$Z:$Z,B39,template!$AN:$AN) -> 0 | E39: =SUMIF(template!$AP:$AP,B39,template!$BD:$BD) -> 0 | F39: =SUMIF(template!$BF:$BF,B39,template!$BT:$BT) -> 0

Sheet template
J3: Week 1 | Z3: =IFERROR(__xludf.DUMMYFUNCTION("IFERROR(REGEXREPLACE(J3,""\d+$"",TEXT(VALUE(REGEXEXTRACT(J3,""\d+$""))+1,""0"")),""Block 1"")"),"Week 2") -> Week 2 | AP3: =IFERROR(__xludf.DUMMYFUNCTION("IFERROR(REGEXREPLACE(Z3,""\d+$"",TEXT(VALUE(REGEXEXTRACT(Z3,""\d+$""))+1,""0"")),""Block 1"")"),"Week 3") -> Week 3 | BF3: =IFERROR(__xludf.DUMMYFUNCTION("IFERROR(REGEXREPLACE(AP3,""\d+$"",TEXT(VALUE(REGEXEXTRACT(AP3,""\d+$""))+1,""0"")),""Block 1"")"),"Week 4") -> Week 4
J4: Exercise | K4: Sets | L4: Weight | M4: Reps | W4: Eff. Reps | X4: HVL | Y4: 1RM | Z4: Exercise | AA4: Sets | AB4: Weight | AC4: Reps | AM4: Eff. Reps | AN4: HVL | AO4: 1RM | AP4: Exercise | AQ4: Sets | AR4: Weight | AS4: Reps | BC4: Eff. Reps | BD4: HVL | BE4: 1RM | BF4: Exercise | BG4: Sets | BH4: Weight | BI4: Reps | BS4: Eff. Reps | BT4: HVL | BU4: 1RM
B5: Exercise | C5: 1RM | D5: 1st Rep Range | F5: Weight Stack Set | G5: Rounding | H5: Training Volume | I5: Maximum Sets
B6: Leg press | C6: 70 | D6: 0.83 | E6: 0.89 | F6: 150 | G6: 5 | H6: Moderate | J6: =$B6 -> Leg press | K6: =IF(ISNUMBER(M6),calculateSets(M6:V6,J$3,0,50%,$H6,$I6),1) -> 1 | L6: =IF(AND(ISNUMBER(C6),C6>0),calculateWeight(C6,$D6,$E6,$F6,$G6,0,J$3),0) -> 60 | W6: =IF(ISNUMBER(M6),calculateEffectiveRepetitions(M6:V6),0) -> 0 | X6: =IF(AND(ISNUMBER(M6),ISNUMBER(L6)),calculateHVL(M6:V6,L6),0) -> 0 | Y6: =IF(AND(ISNUMBER(L6),ISNUMBER(M6)),calculate1RM(L6,M6),0) -> 0 | Z6: =J6 -> Leg press | AA6: =IF(ISNUMBER(AC6),calculateSets(AC6:AL6,Z$3,0,50%,$H6,$I6),1) -> 1 | AB6: =IF(AND(ISNUMBER(Y6),Y6>0),calculateWeight(Y6,$D6,$E6,$F6,$G6,L6,Z$3),0) -> 0 | AM6: =IF(ISNUMBER(AC6),calculateEffectiveRepetitions(AC6:AL6),0) -> 0 | AN6: =IF(AND(ISNUMBER(AC6),ISNUMBER(AB6)),calculateHVL(AC6:AL6,AB6),0) -> 0 | AO6: =IF(AND(ISNUMBER(AB6),ISNUMBER(AC6)),calculate1RM(AB6,AC6),0) -> 0 | AP6: =Z6 -> Leg press | AQ6: =IF(ISNUMBER(AS6),calculateSets(AS6:BB6,AP$3,0,50%,$H6,$I6),1) -> 1 | AR6: =IF(AND(ISNUMBER(AO6),AO6>0),calculateWeight(AO6,$D6,$E6,$F6,$G6,AB6,AP$3),0) -> 0 | BC6: =IF(ISNUMBER(AS6),calculateEffectiveRepetitions(AS6:BB6),0) -> 0 | BD6: =IF(AND(ISNUMBER(AS6),ISNUMBER(AR6)),calculateHVL(AS6:BB6,AR6),0) -> 0 | BE6: =IF(AND(ISNUMBER(AR6),ISNUMBER(AS6)),calculate1RM(AR6,AS6),0) -> 0 | BF6: =AP6 -> Leg press | BG6: =IF(ISNUMBER(BI6),calculateSets(BI6:BR6,BF$3,0,50%,$H6,$I6),1) -> 1 | BH6: =IF(AND(ISNUMBER(BE6),BE6>0),calculateWeight(BE6,$D6,$E6,$F6,$G6,AR6,BF$3),0) -> 0 | BS6: =IF(ISNUMBER(BI6),calculateEffectiveRepetitions(BI6:BR6),0) -> 0 | BT6: =IF(AND(ISNUMBER(BI6),ISNUMBER(BH6)),calculateHVL(BI6:BR6,BH6),0) -> 0 | BU6: =IF(AND(ISNUMBER(BH6),ISNUMBER(BI6)),calculate1RM(BH6,BI6),0) -> 0
B7: Panca piana | C7: 50 | D7: 0.83 | E7: 0.89 | F7: 100 | G7: 10 | H7: Moderate | J7: =$B7 -> Panca piana | K7: =IF(ISNUMBER(M7),calculateSets(M7:V7,J$3,0,50%,$H7,$I7),1) -> 2 | L7: =IF(AND(ISNUMBER(C7),C7>0),calculateWeight(C7,$D7,$E7,$F7,$G7,0,J$3),0) -> 50 | M7: 8 | N7: 6 | W7: =IF(ISNUMBER(M7),calculateEffectiveRepetitions(M7:V7),0) -> 11.06 | X7: =IF(AND(ISNUMBER(M7),ISNUMBER(L7)),calculateHVL(M7:V7,L7),0) -> 664.81869 | Y7: =IF(AND(ISNUMBER(L7),ISNUMBER(M7)),calculate1RM(L7,M7),0) -> 62.068966 | Z7: =J7 -> Panca piana | AA7: =IF(ISNUMBER(AC7),calculateSets(AC7:AL7,Z$3,0,50%,$H7,$I7),1) -> 1 | AB7: =IF(AND(ISNUMBER(Y7),Y7>0),calculateWeight(Y7,$D7,$E7,$F7,$G7,L7,Z$3),0) -> 60 | AM7: =IF(ISNUMBER(AC7),calculateEffectiveRepetitions(AC7:AL7),0) -> 0 | AN7: =IF(AND(ISNUMBER(AC7),ISNUMBER(AB7)),calculateHVL(AC7:AL7,AB7),0) -> 0 | AO7: =IF(AND(ISNUMBER(AB7),ISNUMBER(AC7)),calculate1RM(AB7,AC7),0) -> 0 | AP7: =Z7 -> Panca piana | AQ7: =IF(ISNUMBER(AS7),calculateSets(AS7:BB7,AP$3,0,50%,$H7,$I7),1) -> 1 | AR7: =IF(AND(ISNUMBER(AO7),AO7>0),calculateWeight(AO7,$D7,$E7,$F7,$G7,AB7,AP$3),0) -> 0 | BC7: =IF(ISNUMBER(AS7),calculateEffectiveRepetitions(AS7:BB7),0) -> 0 | BD7: =IF(AND(ISNUMBER(AS7),ISNUMBER(AR7)),calculateHVL(AS7:BB7,AR7),0) -> 0 | BE7: =IF(AND(ISNUMBER(AR7),ISNUMBER(AS7)),calculate1RM(AR7,AS7),0) -> 0 | BF7: =AP7 -> Panca piana | BG7: =IF(ISNUMBER(BI7),calculateSets(BI7:BR7,BF$3,0,50%,$H7,$I7),1) -> 1 | BH7: =IF(AND(ISNUMBER(BE7),BE7>0),calculateWeight(BE7,$D7,$E7,$F7,$G7,AR7,BF$3),0) -> 0 | BS7: =IF(ISNUMBER(BI7),calculateEffectiveRepetitions(BI7:BR7),0) -> 0 | BT7: =IF(AND(ISNUMBER(BI7),ISNUMBER(BH7)),calculateHVL(BI7:BR7,BH7),0) -> 0 | BU7: =IF(AND(ISNUMBER(BH7),ISNUMBER(BI7)),calculate1RM(BH7,BI7),0) -> 0
B8: Rematore [manubri] | C8: 20 | D8: 0.83 | E8: 0.89 | F8: 100 | G8: 2 | H8: Moderate | J8: =$B8 -> Rematore [manubri] | K8: =IF(ISNUMBER(M8),calculateSets(M8:V8,J$3,W6,100%,$H8,$I8),1) -> 1 | L8: =IF(AND(ISNUMBER(C8),C8>0),calculateWeight(C8,$D8,$E8,$F8,$G8,0,J$3),0) -> 18 | W8: =IF(ISNUMBER(M8),calculateEffectiveRepetitions(M8:V8),0) -> 0 | X8: =IF(AND(ISNUMBER(M8),ISNUMBER(L8)),calculateHVL(M8:V8,L8),0) -> 0 | Y8: =IF(AND(ISNUMBER(L8),ISNUMBER(M8)),calculate1RM(L8,M8),0) -> 0 | Z8: =J8 -> Rematore [manubri] | AA8: =IF(ISNUMBER(AC8),calculateSets(AC8:AL8,Z$3,AM6,100%,$H8,$I8),1) -> 1 | AB8: =IF(AND(ISNUMBER(Y8),Y8>0),calculateWeight(Y8,$D8,$E8,$F8,$G8,L8,Z$3),0) -> 0 | AM8: =IF(ISNUMBER(AC8),calculateEffectiveRepetitions(AC8:AL8),0) -> 0 | AN8: =IF(AND(ISNUMBER(AC8),ISNUMBER(AB8)),calculateHVL(AC8:AL8,AB8),0) -> 0 | AO8: =IF(AND(ISNUMBER(AB8),ISNUMBER(AC8)),calculate1RM(AB8,AC8),0) -> 0 | AP8: =Z8 -> Rematore [manubri] | AQ8: =IF(ISNUMBER(AS8),calculateSets(AS8:BB8,AP$3,BC6,100%,$H8,$I8),1) -> 1 | AR8: =IF(AND(ISNUMBER(AO8),AO8>0),calculateWeight(AO8,$D8,$E8,$F8,$G8,AB8,AP$3),0) -> 0 | BC8: =IF(ISNUMBER(AS8),calculateEffectiveRepetitions(AS8:BB8),0) -> 0 | BD8: =IF(AND(ISNUMBER(AS8),ISNUMBER(AR8)),calculateHVL(AS8:BB8,AR8),0) -> 0 | BE8: =IF(AND(ISNUMBER(AR8),ISNUMBER(AS8)),calculate1RM(AR8,AS8),0) -> 0 | BF8: =AP8 -> Rematore [manubri] | BG8: =IF(ISNUMBER(BI8),calculateSets(BI8:BR8,BF$3,BS6,100%,$H8,$I8),1) -> 1 | BH8: =IF(AND(ISNUMBER(BE8),BE8>0),calculateWeight(BE8,$D8,$E8,$F8,$G8,AR8,BF$3),0) -> 0 | BS8: =IF(ISNUMBER(BI8),calculateEffectiveRepetitions(BI8:BR8),0) -> 0 | BT8: =IF(AND(ISNUMBER(BI8),ISNUMBER(BH8)),calculateHVL(BI8:BR8,BH8),0) -> 0 | BU8: =IF(AND(ISNUMBER(BH8),ISNUMBER(BI8)),calculate1RM(BH8,BI8),0) -> 0
B9: Shoulder press [manubri] | C9: 100 | D9: 0.83 | E9: 0.89 | F9: 100 | G9: 2.5 | H9: Moderate | J9: =$B9 -> Shoulder press [manubri] | K9: =IF(ISNUMBER(M9),calculateSets(M9:V9,J$3,W7,100%,$H9,$I9),1) -> 1 | L9: =IF(AND(ISNUMBER(C9),C9>0),calculateWeight(C9,$D9,$E9,$F9,$G9,0,J$3),0) -> 85 | W9: =IF(ISNUMBER(M9),calculateEffectiveRepetitions(M9:V9),0) -> 0 | X9: =IF(AND(ISNUMBER(M9),ISNUMBER(L9)),calculateHVL(M9:V9,L9),0) -> 0 | Y9: =IF(AND(ISNUMBER(L9),ISNUMBER(M9)),calculate1RM(L9,M9),0) -> 0 | Z9: =J9 -> Shoulder press [manubri] | AA9: =IF(ISNUMBER(AC9),calculateSets(AC9:AL9,Z$3,AM7,100%,$H9,$I9),1) -> 1 | AB9: =IF(AND(ISNUMBER(Y9),Y9>0),calculateWeight(Y9,$D9,$E9,$F9,$G9,L9,Z$3),0) -> 0 | AM9: =IF(ISNUMBER(AC9),calculateEffectiveRepetitions(AC9:AL9),0) -> 0 | AN9: =IF(AND(ISNUMBER(AC9),ISNUMBER(AB9)),calculateHVL(AC9:AL9,AB9),0) -> 0 | AO9: =IF(AND(ISNUMBER(AB9),ISNUMBER(AC9)),calculate1RM(AB9,AC9),0) -> 0 | AP9: =Z9 -> Shoulder press [manubri] | AQ9: =IF(ISNUMBER(AS9),calculateSets(AS9:BB9,AP$3,BC7,100%,$H9,$I9),1) -> 1 | AR9: =IF(AND(ISNUMBER(AO9),AO9>0),calculateWeight(AO9,$D9,$E9,$F9,$G9,AB9,AP$3),0) -> 0 | BC9: =IF(ISNUMBER(AS9),calculateEffectiveRepetitions(AS9:BB9),0) -> 0 | BD9: =IF(AND(ISNUMBER(AS9),ISNUMBER(AR9)),calculateHVL(AS9:BB9,AR9),0) -> 0 | BE9: =IF(AND(ISNUMBER(AR9),ISNUMBER(AS9)),calculate1RM(AR9,AS9),0) -> 0 | BF9: =AP9 -> Shoulder press [manubri] | BG9: =IF(ISNUMBER(BI9),calculateSets(BI9:BR9,BF$3,BS7,100%,$H9,$I9),1) -> 1 | BH9: =IF(AND(ISNUMBER(BE9),BE9>0),calculateWeight(BE9,$D9,$E9,$F9,$G9,AR9,BF$3),0) -> 0 | BS9: =IF(ISNUMBER(BI9),calculateEffectiveRepetitions(BI9:BR9),0) -> 0 | BT9: =IF(AND(ISNUMBER(BI9),ISNUMBER(BH9)),calculateHVL(BI9:BR9,BH9),0) -> 0 | BU9: =IF(AND(ISNUMBER(BH9),ISNUMBER(BI9)),calculate1RM(BH9,BI9),0) -> 0
B10: Curl [manubri] | C10: 80 | D10: 0.83 | E10: 0.89 | F10: 100 | G10: 2 | H10: Moderate | J10: =$B10 -> Curl [manubri] | K10: =IF(ISNUMBER(M10),calculateSets(M10:V10,J$3,0,50%,$H10,$I10),1) -> 1 | L10: =IF(AND(ISNUMBER(C10),C10>0),calculateWeight(C10,$D10,$E10,$F10,$G10,0,J$3),0) -> 68 | W10: =IF(ISNUMBER(M10),calculateEffectiveRepetitions(M10:V10),0) -> 0 | X10: =IF(AND(ISNUMBER(M10),ISNUMBER(L10)),calculateHVL(M10:V10,L10),0) -> 0 | Y10: =IF(AND(ISNUMBER(L10),ISNUMBER(M10)),calculate1RM(L10,M10),0) -> 0 | Z10: =J10 -> Curl [manubri] | AA10: =IF(ISNUMBER(AC10),calculateSets(AC10:AL10,Z$3,0,50%,$H10,$I10),1) -> 1 | AB10: =IF(AND(ISNUMBER(Y10),Y10>0),calculateWeight(Y10,$D10,$E10,$F10,$G10,L10,Z$3),0) -> 0 | AM10: =IF(ISNUMBER(AC10),calculateEffectiveRepetitions(AC10:AL10),0) -> 0 | AN10: =IF(AND(ISNUMBER(AC10),ISNUMBER(AB10)),calculateHVL(AC10:AL10,AB10),0) -> 0 | AO10: =IF(AND(ISNUMBER(AB10),ISNUMBER(AC10)),calculate1RM(AB10,AC10),0) -> 0 | AP10: =Z10 -> Curl [manubri] | AQ10: =IF(ISNUMBER(AS10),calculateSets(AS10:BB10,AP$3,0,50%,$H10,$I10),1) -> 1 | AR10: =IF(AND(ISNUMBER(AO10),AO10>0),calculateWeight(AO10,$D10,$E10,$F10,$G10,AB10,AP$3),0) -> 0 | BC10: =IF(ISNUMBER(AS10),calculateEffectiveRepetitions(AS10:BB10),0) -> 0 | BD10: =IF(AND(ISNUMBER(AS10),ISNUMBER(AR10)),calculateHVL(AS10:BB10,AR10),0) -> 0 | BE10: =IF(AND(ISNUMBER(AR10),ISNUMBER(AS10)),calculate1RM(AR10,AS10),0) -> 0 | BF10: =AP10 -> Curl [manubri] | BG10: =IF(ISNUMBER(BI10),calculateSets(BI10:BR10,BF$3,0,50%,$H10,$I10),1) -> 1 | BH10: =IF(AND(ISNUMBER(BE10),BE10>0),calculateWeight(BE10,$D10,$E10,$F10,$G10,AR10,BF$3),0) -> 0 | BS10: =IF(ISNUMBER(BI10),calculateEffectiveRepetitions(BI10:BR10),0) -> 0 | BT10: =IF(AND(ISNUMBER(BI10),ISNUMBER(BH10)),calculateHVL(BI10:BR10,BH10),0) -> 0 | BU10: =IF(AND(ISNUMBER(BH10),ISNUMBER(BI10)),calculate1RM(BH10,BI10),0) -> 0
B11: Plank | C11: 120 | H11: Moderate | I11: 6 | J11: =$B11 -> Plank | K11: =MIN( IF( SUM(OFFSET(K11, 0, 2, 1, 10)) < $C11*3, COUNTA(OFFSET(K11, 0, 2, 1, 10)) + 1, COUNTA(OFFSET(K11, 0, 2, 1, 10)) ), $I11 ) -> 1 | L11: =IF(AND(ISNUMBER(C11),C11>0),calculateWeight(C11,$D11,$E11,$F11,$G11,0,J$3),0) -> 0 | W11: =SUM(M11:V11) -> 0 | X11: =IF(AND(ISNUMBER(M11),ISNUMBER(L11)),calculateHVL(M11:V11,L11),0) -> 0 | Y11: =IF(AND(ISNUMBER(L11),ISNUMBER(M11)),calculate1RM(L11,M11),0) -> 0 | Z11: =J11 -> Plank | AA11: =MIN( IF( SUM(OFFSET(AA11, 0, 2, 1, 10)) < $C11*3, COUNTA(OFFSET(AA11, 0, 2, 1, 10)) + 1, COUNTA(OFFSET(AA11, 0, 2, 1, 10)) ), $I11 ) -> 1 | AB11: =IF(AND(ISNUMBER(Y11),Y11>0),calculateWeight(Y11,$D11,$E11,$F11,$G11,L11,Z$3),0) -> 0 | AM11: =SUM(AC11:AL11) -> 0 | AN11: =IF(AND(ISNUMBER(AC11),ISNUMBER(AB11)),calculateHVL(AC11:AL11,AB11),0) -> 0 | AO11: =IF(AND(ISNUMBER(AB11),ISNUMBER(AC11)),calculate1RM(AB11,AC11),0) -> 0 | AP11: =Z11 -> Plank | AQ11: =MIN( IF( SUM(OFFSET(AQ11, 0, 2, 1, 10)) < $C11*3, COUNTA(OFFSET(AQ11, 0, 2, 1, 10)) + 1, COUNTA(OFFSET(AQ11, 0, 2, 1, 10)) ), $I11 ) -> 1 | AR11: =IF(AND(ISNUMBER(AO11),AO11>0),calculateWeight(AO11,$D11,$E11,$F11,$G11,AB11,AP$3),0) -> 0 | BC11: =sum(AS11:BB11) -> 0 | BD11: =IF(AND(ISNUMBER(AS11),ISNUMBER(AR11)),calculateHVL(AS11:BB11,AR11),0) -> 0 | BE11: =IF(AND(ISNUMBER(AR11),ISNUMBER(AS11)),calculate1RM(AR11,AS11),0) -> 0 | BF11: =AP11 -> Plank | BG11: =MIN( IF( SUM(OFFSET(BG11, 0, 2, 1, 10)) < $C11*3, COUNTA(OFFSET(BG11, 0, 2, 1, 10)) + 1, COUNTA(OFFSET(BG11, 0, 2, 1, 10)) ), $I11 ) -> 1 | BH11: =IF(AND(ISNUMBER(BE11),BE11>0),calculateWeight(BE11,$D11,$E11,$F11,$G11,AR11,BF$3),0) -> 0 | BS11: =SUM(BI11:BR11) -> 0 | BT11: =IF(AND(ISNUMBER(BI11),ISNUMBER(BH11)),calculateHVL(BI11:BR11,BH11),0) -> 0 | BU11: =IF(AND(ISNUMBER(BH11),ISNUMBER(BI11)),calculate1RM(BH11,BI11),0) -> 0
J12: =J3 -> Week 1 | Z12: =Z3 -> Week 2 | AP12: =AP3 -> Week 3 | BF12: =BF3 -> Week 4
J13: Exercise | K13: Sets | L13: Weight | M13: Reps | W13: Eff. Reps | X13: HVL | Y13: 1RM | Z13: Exercise | AA13: Sets | AB13: Weight | AC13: Reps | AM13: Eff. Reps | AN13: HVL | AO13: 1RM | AP13: Exercise | AQ13: Sets | AR13: Weight | AS13: Reps | BC13: Eff. Reps | BD13: HVL | BE13: 1RM | BF13: Exercise | BG13: Sets | BH13: Weight | BI13: Reps | BS13: Eff. Reps | BT13: HVL | BU13: 1RM
B14: Exercise | C14: 1RM | D14: 1st Rep Range | F14: Weight Stack Set | G14: Rounding | H14: Training Volume | I14: Maximum Sets
B15: Leg curl | C15: 100 | D15: 0.83 | E15: 0.89 | F15: 100 | G15: 0.5 | H15: Moderate | J15: =$B15 -> Leg curl | K15: =IF(ISNUMBER(M15),calculateSets(M15:V15,J$3,W10,100%,$H15,$I15),1) -> 1 | L15: =IF(AND(ISNUMBER(C15),C15>0),calculateWeight(C15,$D15,$E15,$F15,$G15,0,J$3),0) -> 83 | W15: =IF(ISNUMBER(M15),calculateEffectiveRepetitions(M15:V15),0) -> 0 | X15: =IF(AND(ISNUMBER(M15),ISNUMBER(L15)),calculateHVL(M15:V15,L15),0) -> 0 | Y15: =IF(AND(ISNUMBER(L15),ISNUMBER(M15)),calculate1RM(L15,M15),0) -> 0 | Z15: =J15 -> Leg curl | AA15: =IF(ISNUMBER(AC15),calculateSets(AC15:AL15,Z$3,AM10,100%,$H15,$I15),1) -> 1 | AB15: =IF(AND(ISNUMBER(Y15),Y15>0),calculateWeight(Y15,$D15,$E15,$F15,$G15,L15,Z$3),0) -> 0 | AM15: =IF(ISNUMBER(AC15),calculateEffectiveRepetitions(AC15:AL15),0) -> 0 | AN15: =IF(AND(ISNUMBER(AC15),ISNUMBER(AB15)),calculateHVL(AC15:AL15,AB15),0) -> 0 | AO15: =IF(AND(ISNUMBER(AB15),ISNUMBER(AC15)),calculate1RM(AB15,AC15),0) -> 0 | AP15: =Z15 -> Leg curl | AQ15: =IF(ISNUMBER(AS15),calculateSets(AS15:BB15,AP$3,BC10,100%,$H15,$I15),1) -> 1 | AR15: =IF(AND(ISNUMBER(AO15),AO15>0),calculateWeight(AO15,$D15,$E15,$F15,$G15,AB15,AP$3),0) -> 0 | BC15: =IF(ISNUMBER(AS15),calculateEffectiveRepetitions(AS15:BB15),0) -> 0 | BD15: =IF(AND(ISNUMBER(AS15),ISNUMBER(AR15)),calculateHVL(AS15:BB15,AR15),0) -> 0 | BE15: =IF(AND(ISNUMBER(AR15),ISNUMBER(AS15)),calculate1RM(AR15,AS15),0) -> 0 | BF15: =AP15 -> Leg curl | BG15: =IF(ISNUMBER(BI15),calculateSets(BI15:BR15,BF$3,BS10,100%,$H15,$I15),1) -> 1 | BH15: =IF(AND(ISNUMBER(BE15),BE15>0),calculateWeight(BE15,$D15,$E15,$F15,$G15,AR15,BF$3),0) -> 0 | BS15: =IF(ISNUMBER(BI15),calculateEffectiveRepetitions(BI15:BR15),0) -> 0 | BT15: =IF(AND(ISNUMBER(BI15),ISNUMBER(BH15)),calculateHVL(BI15:BR15,BH15),0) -> 0 | BU15: =IF(AND(ISNUMBER(BH15),ISNUMBER(BI15)),calculate1RM(BH15,BI15),0) -> 0
B16: Lat machine | C16: 50 | D16: 0.83 | E16: 0.89 | F16: 100 | G16: 5 | H16: Moderate | J16: =$B16 -> Lat machine | K16: =IF(ISNUMBER(M16),calculateSets(M16:V16,J$3,W11,100%,$H16,$I16),1) -> 4 | L16: =IF(AND(ISNUMBER(C16),C16>0),calculateWeight(C16,$D16,$E16,$F16,$G16,0,J$3),0) -> 45 | M16: 8 | N16: 8 | O16: 7 | P16: 5 | W16: =IF(ISNUMBER(M16),calculateEffectiveRepetitions(M16:V16),0) -> 21.73 | X16: =IF(AND(ISNUMBER(M16),ISNUMBER(L16)),calculateHVL(M16:V16,L16),0) -> 1178.2951 | Y16: =IF(AND(ISNUMBER(L16),ISNUMBER(M16)),calculate1RM(L16,M16),0) -> 55.862069 | Z16: =J16 -> Lat machine | AA16: =IF(ISNUMBER(AC16),calculateSets(AC16:AL16,Z$3,AM11,100%,$H16,$I16),1) -> 1 | AB16: =IF(AND(ISNUMBER(Y16),Y16>0),calculateWeight(Y16,$D16,$E16,$F16,$G16,L16,Z$3),0) -> 50 | AM16: =IF(ISNUMBER(AC16),calculateEffectiveRepetitions(AC16:AL16),0) -> 0 | AN16: =IF(AND(ISNUMBER(AC16),ISNUMBER(AB16)),calculateHVL(AC16:AL16,AB16),0) -> 0 | AO16: =IF(AND(ISNUMBER(AB16),ISNUMBER(AC16)),calculate1RM(AB16,AC16),0) -> 0 | AP16: =Z16 -> Lat machine | AQ16: =IF(ISNUMBER(AS16),calculateSets(AS16:BB16,AP$3,BC11,100%,$H16,$I16),1) -> 1 | AR16: =IF(AND(ISNUMBER(AO16),AO16>0),calculateWeight(AO16,$D16,$E16,$F16,$G16,AB16,AP$3),0) -> 0 | BC16: =IF(ISNUMBER(AS16),calculateEffectiveRepetitions(AS16:BB16),0) -> 0 | BD16: =IF(AND(ISNUMBER(AS16),ISNUMBER(AR16)),calculateHVL(AS16:BB16,AR16),0) -> 0 | BE16: =IF(AND(ISNUMBER(AR16),ISNUMBER(AS16)),calculate1RM(AR16,AS16),0) -> 0 | BF16: =AP16 -> Lat machine | BG16: =IF(ISNUMBER(BI16),calculateSets(BI16:BR16,BF$3,BS11,100%,$H16,$I16),1) -> 1 | BH16: =IF(AND(ISNUMBER(BE16),BE16>0),calculateWeight(BE16,$D16,$E16,$F16,$G16,AR16,BF$3),0) -> 0 | BS16: =IF(ISNUMBER(BI16),calculateEffectiveRepetitions(BI16:BR16),0) -> 0 | BT16: =IF(AND(ISNUMBER(BI16),ISNUMBER(BH16)),calculateHVL(BI16:BR16,BH16),0) -> 0 | BU16: =IF(AND(ISNUMBER(BH16),ISNUMBER(BI16)),calculate1RM(BH16,BI16),0) -> 0
B17: Chest press | C17: 40 | D17: 0.83 | E17: 0.89 | F17: 100 | G17: 10 | H17: Moderate | J17: =$B17 -> Chest press | K17: =IF(ISNUMBER(M17),calculateSets(M17:V17,J$3,0,50%,$H17,$I17),1) -> 3 | L17: =IF(AND(ISNUMBER(C17),C17>0),calculateWeight(C17,$D17,$E17,$F17,$G17,0,J$3),0) -> 40 | M17: 8 | N17: 5 | O17: 5 | W17: =IF(ISNUMBER(M17),calculateEffectiveRepetitions(M17:V17),0) -> 15.23 | X17: =IF(AND(ISNUMBER(M17),ISNUMBER(L17)),calculateHVL(M17:V17,L17),0) -> 711.65172 | Y17: =IF(AND(ISNUMBER(L17),ISNUMBER(M17)),calculate1RM(L17,M17),0) -> 49.655172 | Z17: =J17 -> Chest press | AA17: =IF(ISNUMBER(AC17),calculateSets(AC17:AL17,Z$3,0,50%,$H17,$I17),1) -> 1 | AB17: =IF(AND(ISNUMBER(Y17),Y17>0),calculateWeight(Y17,$D17,$E17,$F17,$G17,L17,Z$3),0) -> 50 | AM17: =IF(ISNUMBER(AC17),calculateEffectiveRepetitions(AC17:AL17),0) -> 0 | AN17: =IF(AND(ISNUMBER(AC17),ISNUMBER(AB17)),calculateHVL(AC17:AL17,AB17),0) -> 0 | AO17: =IF(AND(ISNUMBER(AB17),ISNUMBER(AC17)),calculate1RM(AB17,AC17),0) -> 0 | AP17: =Z17 -> Chest press | AQ17: =IF(ISNUMBER(AS17),calculateSets(AS17:BB17,AP$3,0,50%,$H17,$I17),1) -> 1 | AR17: =IF(AND(ISNUMBER(AO17),AO17>0),calculateWeight(AO17,$D17,$E17,$F17,$G17,AB17,AP$3),0) -> 0 | BC17: =IF(ISNUMBER(AS17),calculateEffectiveRepetitions(AS17:BB17),0) -> 0 | BD17: =IF(AND(ISNUMBER(AS17),ISNUMBER(AR17)),calculateHVL(AS17:BB17,AR17),0) -> 0 | BE17: =IF(AND(ISNUMBER(AR17),ISNUMBER(AS17)),calculate1RM(AR17,AS17),0) -> 0 | BF17: =AP17 -> Chest press | BG17: =IF(ISNUMBER(BI17),calculateSets(BI17:BR17,BF$3,0,50%,$H17,$I17),1) -> 1 | BH17: =IF(AND(ISNUMBER(BE17),BE17>0),calculateWeight(BE17,$D17,$E17,$F17,$G17,AR17,BF$3),0) -> 0 | BS17: =IF(ISNUMBER(BI17),calculateEffectiveRepetitions(BI17:BR17),0) -> 0 | BT17: =IF(AND(ISNUMBER(BI17),ISNUMBER(BH17)),calculateHVL(BI17:BR17,BH17),0) -> 0 | BU17: =IF(AND(ISNUMBER(BH17),ISNUMBER(BI17)),calculate1RM(BH17,BI17),0) -> 0
B18: Affondi [manubri] | C18: 100 | D18: 0.83 | E18: 0.89 | F18: 100 | G18: 0.5 | H18: Moderate | J18: =$B18 -> Affondi [manubri] | K18: =IF(ISNUMBER(M18),calculateSets(M18:V18,J$3,SUM(W10,W15)*50%,100%,$H18,$I18),1) -> 1 | L18: =IF(AND(ISNUMBER(C18),C18>0),calculateWeight(C18,$D18,$E18,$F18,$G18,0,J$3),0) -> 83 | W18: =IF(ISNUMBER(M18),calculateEffectiveRepetitions(M18:V18),0) -> 0 | X18: =IF(AND(ISNUMBER(M18),ISNUMBER(L18)),calculateHVL(M18:V18,L18),0) -> 0 | Y18: =IF(AND(ISNUMBER(L18),ISNUMBER(M18)),calculate1RM(L18,M18),0) -> 0 | Z18: =J18 -> Affondi [manubri] | AA18: =IF(ISNUMBER(AC18),calculateSets(AC18:AL18,Z$3,SUM(AM10,AM15)*50%,100%,$H18,$I18),1) -> 1 | AB18: =IF(AND(ISNUMBER(Y18),Y18>0),calculateWeight(Y18,$D18,$E18,$F18,$G18,L18,Z$3),0) -> 0 | AM18: =IF(ISNUMBER(AC18),calculateEffectiveRepetitions(AC18:AL18),0) -> 0 | AN18: =IF(AND(ISNUMBER(AC18),ISNUMBER(AB18)),calculateHVL(AC18:AL18,AB18),0) -> 0 | AO18: =IF(AND(ISNUMBER(AB18),ISNUMBER(AC18)),calculate1RM(AB18,AC18),0) -> 0 | AP18: =Z18 -> Affondi [manubri] | AQ18: =IF(ISNUMBER(AS18),calculateSets(AS18:BB18,AP$3,SUM(BC10,BC15)*50%,100%,$H18,$I18),1) -> 1 | AR18: =IF(AND(ISNUMBER(AO18),AO18>0),calculateWeight(AO18,$D18,$E18,$F18,$G18,AB18,AP$3),0) -> 0 | BC18: =IF(ISNUMBER(AS18),calculateEffectiveRepetitions(AS18:BB18),0) -> 0 | BD18: =IF(AND(ISNUMBER(AS18),ISNUMBER(AR18)),calculateHVL(AS18:BB18,AR18),0) -> 0 | BE18: =IF(AND(ISNUMBER(AR18),ISNUMBER(AS18)),calculate1RM(AR18,AS18),0) -> 0 | BF18: =AP18 -> Affondi [manubri] | BG18: =IF(ISNUMBER(BI18),calculateSets(BI18:BR18,BF$3,SUM(BS10,BS15)*50%,100%,$H18,$I18),1) -> 1 | BH18: =IF(AND(ISNUMBER(BE18),BE18>0),calculateWeight(BE18,$D18,$E18,$F18,$G18,AR18,BF$3),0) -> 0 | BS18: =IF(ISNUMBER(BI18),calculateEffectiveRepetitions(BI18:BR18),0) -> 0 | BT18: =IF(AND(ISNUMBER(BI18),ISNUMBER(BH18)),calculateHVL(BI18:BR18,BH18),0) -> 0 | BU18: =IF(AND(ISNUMBER(BH18),ISNUMBER(BI18)),calculate1RM(BH18,BI18),0) -> 0
B19: Estensioni tricipiti [cavi] | C19: 100 | D19: 0.83 | E19: 0.89 | F19: 100 | G19: 0.5 | H19: Moderate | J19: =$B19 -> Estensioni tricipiti [cavi] | K19: =IF(ISNUMBER(M19),calculateSets(M19:V19,J$3,W17,100%,$H19,$I19),1) -> 1 | L19: =IF(AND(ISNUMBER(C19),C19>0),calculateWeight(C19,$D19,$E19,$F19,$G19,0,J$3),0) -> 83 | W19: =IF(ISNUMBER(M19),calculateEffectiveRepetitions(M19:V19),0) -> 0 | X19: =IF(AND(ISNUMBER(M19),ISNUMBER(L19)),calculateHVL(M19:V19,L19),0) -> 0 | Y19: =IF(AND(ISNUMBER(L19),ISNUMBER(M19)),calculate1RM(L19,M19),0) -> 0 | Z19: =J19 -> Estensioni tricipiti [cavi] | AA19: =IF(ISNUMBER(AC19),calculateSets(AC19:AL19,Z$3,AM17,100%,$H19,$I19),1) -> 1 | AB19: =IF(AND(ISNUMBER(Y19),Y19>0),calculateWeight(Y19,$D19,$E19,$F19,$G19,L19,Z$3),0) -> 0 | AM19: =IF(ISNUMBER(AC19),calculateEffectiveRepetitions(AC19:AL19),0) -> 0 | AN19: =IF(AND(ISNUMBER(AC19),ISNUMBER(AB19)),calculateHVL(AC19:AL19,AB19),0) -> 0 | AO19: =IF(AND(ISNUMBER(AB19),ISNUMBER(AC19)),calculate1RM(AB19,AC19),0) -> 0 | AP19: =Z19 -> Estensioni tricipiti [cavi] | AQ19: =IF(ISNUMBER(AS19),calculateSets(AS19:BB19,AP$3,BC17,100%,$H19,$I19),1) -> 1 | AR19: =IF(AND(ISNUMBER(AO19),AO19>0),calculateWeight(AO19,$D19,$E19,$F19,$G19,AB19,AP$3),0) -> 0 | BC19: =IF(ISNUMBER(AS19),calculateEffectiveRepetitions(AS19:BB19),0) -> 0 | BD19: =IF(AND(ISNUMBER(AS19),ISNUMBER(AR19)),calculateHVL(AS19:BB19,AR19),0) -> 0 | BE19: =IF(AND(ISNUMBER(AR19),ISNUMBER(AS19)),calculate1RM(AR19,AS19),0) -> 0 | BF19: =AP19 -> Estensioni tricipiti [cavi] | BG19: =IF(ISNUMBER(BI19),calculateSets(BI19:BR19,BF$3,BS17,100%,$H19,$I19),1) -> 1 | BH19: =IF(AND(ISNUMBER(BE19),BE19>0),calculateWeight(BE19,$D19,$E19,$F19,$G19,AR19,BF$3),0) -> 0 | BS19: =IF(ISNUMBER(BI19),calculateEffectiveRepetitions(BI19:BR19),0) -> 0 | BT19: =IF(AND(ISNUMBER(BI19),ISNUMBER(BH19)),calculateHVL(BI19:BR19,BH19),0) -> 0 | BU19: =IF(AND(ISNUMBER(BH19),ISNUMBER(BI19)),calculate1RM(BH19,BI19),0) -> 0
B20: Plank | C20: =C11 -> 120 | H20: Moderate | I20: 6 | J20: =$B20 -> Plank | K20: =MIN( IF( SUM(OFFSET(K20, 0, 2, 1, 10)) < $C20*3, COUNTA(OFFSET(K20, 0, 2, 1, 10)) + 1, COUNTA(OFFSET(K20, 0, 2, 1, 10)) ), $I20 ) -> 1 | L20: =IF(AND(ISNUMBER(C20),C20>0),calculateWeight(C20,$D20,$E20,$F20,$G20,0,J$3),0) -> 0 | W20: =SUM(M20:V20) -> 0 | X20: =IF(AND(ISNUMBER(M20),ISNUMBER(L20)),calculateHVL(M20:V20,L20),0) -> 0 | Y20: =IF(AND(ISNUMBER(L20),ISNUMBER(M20)),calculate1RM(L20,M20),0) -> 0 | Z20: =J20 -> Plank | AA20: =MIN( IF( SUM(OFFSET(AA20, 0, 2, 1, 10)) < $C20*3, COUNTA(OFFSET(AA20, 0, 2, 1, 10)) + 1, COUNTA(OFFSET(AA20, 0, 2, 1, 10)) ), $I20 ) -> 1 | AB20: =IF(AND(ISNUMBER(Y20),Y20>0),calculateWeight(Y20,$D20,$E20,$F20,$G20,L20,Z$3),0) -> 0 | AM20: =SUM(AC20:AL20) -> 0 | AN20: =IF(AND(ISNUMBER(AC20),ISNUMBER(AB20)),calculateHVL(AC20:AL20,AB20),0) -> 0 | AO20: =IF(AND(ISNUMBER(AB20),ISNUMBER(AC20)),calculate1RM(AB20,AC20),0) -> 0 | AP20: =Z20 -> Plank | AQ20: =MIN( IF( SUM(OFFSET(AQ20, 0, 2, 1, 10)) < $C20*3, COUNTA(OFFSET(AQ20, 0, 2, 1, 10)) + 1, COUNTA(OFFSET(AQ20, 0, 2, 1, 10)) ), $I20 ) -> 1 | AR20: =IF(AND(ISNUMBER(AO20),AO20>0),calculateWeight(AO20,$D20,$E20,$F20,$G20,AB20,AP$3),0) -> 0 | BC20: =sum(AS20:BB20) -> 0 | BD20: =IF(AND(ISNUMBER(AS20),ISNUMBER(AR20)),calculateHVL(AS20:BB20,AR20),0) -> 0 | BE20: =IF(AND(ISNUMBER(AR20),ISNUMBER(AS20)),calculate1RM(AR20,AS20),0) -> 0 | BF20: =AP20 -> Plank | BG20: =MIN( IF( SUM(OFFSET(BG20, 0, 2, 1, 10)) < $C20*3, COUNTA(OFFSET(BG20, 0, 2, 1, 10)) + 1, COUNTA(OFFSET(BG20, 0, 2, 1, 10)) ), $I20 ) -> 1 | BH20: =IF(AND(ISNUMBER(BE20),BE20>0),calculateWeight(BE20,$D20,$E20,$F20,$G20,AR20,BF$3),0) -> 0 | BS20: =SUM(BI20:BR20) -> 0 | BT20: =IF(AND(ISNUMBER(BI20),ISNUMBER(BH20)),calculateHVL(BI20:BR20,BH20),0) -> 0 | BU20: =IF(AND(ISNUMBER(BH20),ISNUMBER(BI20)),calculate1RM(BH20,BI20),0) -> 0
J21: =J3 -> Week 1 | Z21: =Z3 -> Week 2 | AP21: =AP3 -> Week 3 | BF21: =BF3 -> Week 4
J22: Exercise | K22: Sets | L22: Weight | M22: Reps | W22: Eff. Reps | X22: HVL | Y22: 1RM | Z22: Exercise | AA22: Sets | AB22: Weight | AC22: Reps | AM22: Eff. Reps | AN22: HVL | AO22: 1RM | AP22: Exercise | AQ22: Sets | AR22: Weight | AS22: Reps | BC22: Eff. Reps | BD22: HVL | BE22: 1RM | BF22: Exercise | BG22: Sets | BH22: Weight | BI22: Reps | BS22: Eff. Reps | BT22: HVL | BU22: 1RM
B23: Exercise | C23: 1RM | D23: 1st Rep Range | F23: Weight Stack Set | G23: Rounding | H23: Training Volume | I23: Maximum Sets
B24: Leg press | C24: 100 | D24: 0.83 | E24: 0.89 | F24: 100 | G24: 0.5 | H24: Moderate | J24: =$B24 -> Leg press | K24: =IF(ISNUMBER(M24),calculateSets(M24:V24,J$3,0,50%,$H24,$I24),1) -> 1 | L24: =IF(AND(ISNUMBER(C24),C24>0),calculateWeight(C24,$D24,$E24,$F24,$G24,0,J$3),0) -> 83 | W24: =IF(ISNUMBER(M24),calculateEffectiveRepetitions(M24:V24),0) -> 0 | X24: =IF(AND(ISNUMBER(M24),ISNUMBER(L24)),calculateHVL(M24:V24,L24),0) -> 0 | Y24: =IF(AND(ISNUMBER(L24),ISNUMBER(M24)),calculate1RM(L24,M24),0) -> 0 | Z24: =J24 -> Leg press | AA24: =IF(ISNUMBER(AC24),calculateSets(AC24:AL24,Z$3,0,50%,$H24,$I24),1) -> 1 | AB24: =IF(AND(ISNUMBER(Y24),Y24>0),calculateWeight(Y24,$D24,$E24,$F24,$G24,L24,Z$3),0) -> 0 | AM24: =IF(ISNUMBER(AC24),calculateEffectiveRepetitions(AC24:AL24),0) -> 0 | AN24: =IF(AND(ISNUMBER(AC24),ISNUMBER(AB24)),calculateHVL(AC24:AL24,AB24),0) -> 0 | AO24: =IF(AND(ISNUMBER(AB24),ISNUMBER(AC24)),calculate1RM(AB24,AC24),0) -> 0 | AP24: =Z24 -> Leg press | AQ24: =IF(ISNUMBER(AS24),calculateSets(AS24:BB24,AP$3,0,50%,$H24,$I24),1) -> 1 | AR24: =IF(AND(ISNUMBER(AO24),AO24>0),calculateWeight(AO24,$D24,$E24,$F24,$G24,AB24,AP$3),0) -> 0 | BC24: =IF(ISNUMBER(AS24),calculateEffectiveRepetitions(AS24:BB24),0) -> 0 | BD24: =IF(AND(ISNUMBER(AS24),ISNUMBER(AR24)),calculateHVL(AS24:BB24,AR24),0) -> 0 | BE24: =IF(AND(ISNUMBER(AR24),ISNUMBER(AS24)),calculate1RM(AR24,AS24),0) -> 0 | BF24: =AP24 -> Leg press | BG24: =IF(ISNUMBER(BI24),calculateSets(BI24:BR24,BF$3,0,50%,$H24,$I24),1) -> 1 | BH24: =IF(AND(ISNUMBER(BE24),BE24>0),calculateWeight(BE24,$D24,$E24,$F24,$G24,AR24,BF$3),0) -> 0 | BS24: =IF(ISNUMBER(BI24),calculateEffectiveRepetitions(BI24:BR24),0) -> 0 | BT24: =IF(AND(ISNUMBER(BI24),ISNUMBER(BH24)),calculateHVL(BI24:BR24,BH24),0) -> 0 | BU24: =IF(AND(ISNUMBER(BH24),ISNUMBER(BI24)),calculate1RM(BH24,BI24),0) -> 0
B25: Leg curl | C25: 100 | D25: 0.83 | E25: 0.89 | F25: 100 | G25: 0.5 | H25: Moderate | J25: =$B25 -> Leg curl | K25: =IF(ISNUMBER(M25),calculateSets(M25:V25,J$3,0,50%,$H25,$I25),1) -> 1 | L25: =IF(AND(ISNUMBER(C25),C25>0),calculateWeight(C25,$D25,$E25,$F25,$G25,0,J$3),0) -> 83 | W25: =IF(ISNUMBER(M25),calculateEffectiveRepetitions(M25:V25),0) -> 0 | X25: =IF(AND(ISNUMBER(M25),ISNUMBER(L25)),calculateHVL(M25:V25,L25),0) -> 0 | Y25: =IF(AND(ISNUMBER(L25),ISNUMBER(M25)),calculate1RM(L25,M25),0) -> 0 | Z25: =J25 -> Leg curl | AA25: =IF(ISNUMBER(AC25),calculateSets(AC25:AL25,Z$3,0,50%,$H25,$I25),1) -> 1 | AB25: =IF(AND(ISNUMBER(Y25),Y25>0),calculateWeight(Y25,$D25,$E25,$F25,$G25,L25,Z$3),0) -> 0 | AM25: =IF(ISNUMBER(AC25),calculateEffectiveRepetitions(AC25:AL25),0) -> 0 | AN25: =IF(AND(ISNUMBER(AC25),ISNUMBER(AB25)),calculateHVL(AC25:AL25,AB25),0) -> 0 | AO25: =IF(AND(ISNUMBER(AB25),ISNUMBER(AC25)),calculate1RM(AB25,AC25),0) -> 0 | AP25: =Z25 -> Leg curl | AQ25: =IF(ISNUMBER(AS25),calculateSets(AS25:BB25,AP$3,0,50%,$H25,$I25),1) -> 1 | AR25: =IF(AND(ISNUMBER(AO25),AO25>0),calculateWeight(AO25,$D25,$E25,$F25,$G25,AB25,AP$3),0) -> 0 | BC25: =IF(ISNUMBER(AS25),calculateEffectiveRepetitions(AS25:BB25),0) -> 0 | BD25: =IF(AND(ISNUMBER(AS25),ISNUMBER(AR25)),calculateHVL(AS25:BB25,AR25),0) -> 0 | BE25: =IF(AND(ISNUMBER(AR25),ISNUMBER(AS25)),calculate1RM(AR25,AS25),0) -> 0 | BF25: =AP25 -> Leg curl | BG25: =IF(ISNUMBER(BI25),calculateSets(BI25:BR25,BF$3,0,50%,$H25,$I25),1) -> 1 | BH25: =IF(AND(ISNUMBER(BE25),BE25>0),calculateWeight(BE25,$D25,$E25,$F25,$G25,AR25,BF$3),0) -> 0 | BS25: =IF(ISNUMBER(BI25),calculateEffectiveRepetitions(BI25:BR25),0) -> 0 | BT25: =IF(AND(ISNUMBER(BI25),ISNUMBER(BH25)),calculateHVL(BI25:BR25,BH25),0) -> 0 | BU25: =IF(AND(ISNUMBER(BH25),ISNUMBER(BI25)),calculate1RM(BH25,BI25),0) -> 0
B26: Panca inclinata [manubri] | C26: 100 | D26: 0.83 | E26: 0.89 | F26: 100 | G26: 0.5 | H26: Moderate | J26: =$B26 -> Panca inclinata [manubri] | K26: =IF(ISNUMBER(M26),calculateSets(M26:V26,J$3,W24,100%,$H26,$I26),1) -> 1 | L26: =IF(AND(ISNUMBER(C26),C26>0),calculateWeight(C26,$D26,$E26,$F26,$G26,0,J$3),0) -> 83 | W26: =IF(ISNUMBER(M26),calculateEffectiveRepetitions(M26:V26),0) -> 0 | X26: =IF(AND(ISNUMBER(M26),ISNUMBER(L26)),calculateHVL(M26:V26,L26),0) -> 0 | Y26: =IF(AND(ISNUMBER(L26),ISNUMBER(M26)),calculate1RM(L26,M26),0) -> 0 | Z26: =J26 -> Panca inclinata [manubri] | AA26: =IF(ISNUMBER(AC26),calculateSets(AC26:AL26,Z$3,AM24,100%,$H26,$I26),1) -> 1 | AB26: =IF(AND(ISNUMBER(Y26),Y26>0),calculateWeight(Y26,$D26,$E26,$F26,$G26,L26,Z$3),0) -> 0 | AM26: =IF(ISNUMBER(AC26),calculateEffectiveRepetitions(AC26:AL26),0) -> 0 | AN26: =IF(AND(ISNUMBER(AC26),ISNUMBER(AB26)),calculateHVL(AC26:AL26,AB26),0) -> 0 | AO26: =IF(AND(ISNUMBER(AB26),ISNUMBER(AC26)),calculate1RM(AB26,AC26),0) -> 0 | AP26: =Z26 -> Panca inclinata [manubri] | AQ26: =IF(ISNUMBER(AS26),calculateSets(AS26:BB26,AP$3,BC24,100%,$H26,$I26),1) -> 1 | AR26: =IF(AND(ISNUMBER(AO26),AO26>0),calculateWeight(AO26,$D26,$E26,$F26,$G26,AB26,AP$3),0) -> 0 | BC26: =IF(ISNUMBER(AS26),calculateEffectiveRepetitions(AS26:BB26),0) -> 0 | BD26: =IF(AND(ISNUMBER(AS26),ISNUMBER(AR26)),calculateHVL(AS26:BB26,AR26),0) -> 0 | BE26: =IF(AND(ISNUMBER(AR26),ISNUMBER(AS26)),calculate1RM(AR26,AS26),0) -> 0 | BF26: =AP26 -> Panca inclinata [manubri] | BG26: =IF(ISNUMBER(BI26),calculateSets(BI26:BR26,BF$3,BS24,100%,$H26,$I26),1) -> 1 | BH26: =IF(AND(ISNUMBER(BE26),BE26>0),calculateWeight(BE26,$D26,$E26,$F26,$G26,AR26,BF$3),0) -> 0 | BS26: =IF(ISNUMBER(BI26),calculateEffectiveRepetitions(BI26:BR26),0) -> 0 | BT26: =IF(AND(ISNUMBER(BI26),ISNUMBER(BH26)),calculateHVL(BI26:BR26,BH26),0) -> 0 | BU26: =IF(AND(ISNUMBER(BH26),ISNUMBER(BI26)),calculate1RM(BH26,BI26),0) -> 0
B27: Panca inclinata | C27: 100 | D27: 0.83 | E27: 0.89 | F27: 100 | G27: 0.5 | H27: Moderate | J27: =$B27 -> Panca inclinata | K27: =IF(ISNUMBER(M27),calculateSets(M27:V27,J$3,W25,100%,$H27,$I27),1) -> 1 | L27: =IF(AND(ISNUMBER(C27),C27>0),calculateWeight(C27,$D27,$E27,$F27,$G27,0,J$3),0) -> 83 | W27: =IF(ISNUMBER(M27),calculateEffectiveRepetitions(M27:V27),0) -> 0 | X27: =IF(AND(ISNUMBER(M27),ISNUMBER(L27)),calculateHVL(M27:V27,L27),0) -> 0 | Y27: =IF(AND(ISNUMBER(L27),ISNUMBER(M27)),calculate1RM(L27,M27),0) -> 0 | Z27: =J27 -> Panca inclinata | AA27: =IF(ISNUMBER(AC27),calculateSets(AC27:AL27,Z$3,AM25,100%,$H27,$I27),1) -> 1 | AB27: =IF(AND(ISNUMBER(Y27),Y27>0),calculateWeight(Y27,$D27,$E27,$F27,$G27,L27,Z$3),0) -> 0 | AM27: =IF(ISNUMBER(AC27),calculateEffectiveRepetitions(AC27:AL27),0) -> 0 | AN27: =IF(AND(ISNUMBER(AC27),ISNUMBER(AB27)),calculateHVL(AC27:AL27,AB27),0) -> 0 | AO27: =IF(AND(ISNUMBER(AB27),ISNUMBER(AC27)),calculate1RM(AB27,AC27),0) -> 0 | AP27: =Z27 -> Panca inclinata | AQ27: =IF(ISNUMBER(AS27),calculateSets(AS27:BB27,AP$3,BC25,100%,$H27,$I27),1) -> 1 | AR27: =IF(AND(ISNUMBER(AO27),AO27>0),calculateWeight(AO27,$D27,$E27,$F27,$G27,AB27,AP$3),0) -> 0 | BC27: =IF(ISNUMBER(AS27),calculateEffectiveRepetitions(AS27:BB27),0) -> 0 | BD27: =IF(AND(ISNUMBER(AS27),ISNUMBER(AR27)),calculateHVL(AS27:BB27,AR27),0) -> 0 | BE27: =IF(AND(ISNUMBER(AR27),ISNUMBER(AS27)),calculate1RM(AR27,AS27),0) -> 0 | BF27: =AP27 -> Panca inclinata | BG27: =IF(ISNUMBER(BI27),calculateSets(BI27:BR27,BF$3,BS25,100%,$H27,$I27),1) -> 1 | BH27: =IF(AND(ISNUMBER(BE27),BE27>0),calculateWeight(BE27,$D27,$E27,$F27,$G27,AR27,BF$3),0) -> 0 | BS27: =IF(ISNUMBER(BI27),calculateEffectiveRepetitions(BI27:BR27),0) -> 0 | BT27: =IF(AND(ISNUMBER(BI27),ISNUMBER(BH27)),calculateHVL(BI27:BR27,BH27),0) -> 0 | BU27: =IF(AND(ISNUMBER(BH27),ISNUMBER(BI27)),calculate1RM(BH27,BI27),0) -> 0
B28: Pulley | C28: 100 | D28: 0.83 | E28: 0.89 | F28: 100 | G28: 0.5 | H28: Moderate | J28: =$B28 -> Pulley | K28: =IF(ISNUMBER(M28),calculateSets(M28:V28,J$3,0,50%,$H28,$I28),1) -> 1 | L28: =IF(AND(ISNUMBER(C28),C28>0),calculateWeight(C28,$D28,$E28,$F28,$G28,0,J$3),0) -> 83 | W28: =IF(ISNUMBER(M28),calculateEffectiveRepetitions(M28:V28),0) -> 0 | X28: =IF(AND(ISNUMBER(M28),ISNUMBER(L28)),calculateHVL(M28:V28,L28),0) -> 0 | Y28: =IF(AND(ISNUMBER(L28),ISNUMBER(M28)),calculate1RM(L28,M28),0) -> 0 | Z28: =J28 -> Pulley | AA28: =IF(ISNUMBER(AC28),calculateSets(AC28:AL28,Z$3,0,50%,$H28,$I28),1) -> 1 | AB28: =IF(AND(ISNUMBER(Y28),Y28>0),calculateWeight(Y28,$D28,$E28,$F28,$G28,L28,Z$3),0) -> 0 | AM28: =IF(ISNUMBER(AC28),calculateEffectiveRepetitions(AC28:AL28),0) -> 0 | AN28: =IF(AND(ISNUMBER(AC28),ISNUMBER(AB28)),calculateHVL(AC28:AL28,AB28),0) -> 0 | AO28: =IF(AND(ISNUMBER(AB28),ISNUMBER(AC28)),calculate1RM(AB28,AC28),0) -> 0 | AP28: =Z28 -> Pulley | AQ28: =IF(ISNUMBER(AS28),calculateSets(AS28:BB28,AP$3,0,50%,$H28,$I28),1) -> 1 | AR28: =IF(AND(ISNUMBER(AO28),AO28>0),calculateWeight(AO28,$D28,$E28,$F28,$G28,AB28,AP$3),0) -> 0 | BC28: =IF(ISNUMBER(AS28),calculateEffectiveRepetitions(AS28:BB28),0) -> 0 | BD28: =IF(AND(ISNUMBER(AS28),ISNUMBER(AR28)),calculateHVL(AS28:BB28,AR28),0) -> 0 | BE28: =IF(AND(ISNUMBER(AR28),ISNUMBER(AS28)),calculate1RM(AR28,AS28),0) -> 0 | BF28: =AP28 -> Pulley | BG28: =IF(ISNUMBER(BI28),calculateSets(BI28:BR28,BF$3,0,50%,$H28,$I28),1) -> 1 | BH28: =IF(AND(ISNUMBER(BE28),BE28>0),calculateWeight(BE28,$D28,$E28,$F28,$G28,AR28,BF$3),0) -> 0 | BS28: =IF(ISNUMBER(BI28),calculateEffectiveRepetitions(BI28:BR28),0) -> 0 | BT28: =IF(AND(ISNUMBER(BI28),ISNUMBER(BH28)),calculateHVL(BI28:BR28,BH28),0) -> 0 | BU28: =IF(AND(ISNUMBER(BH28),ISNUMBER(BI28)),calculate1RM(BH28,BI28),0) -> 0
B29: 7x7x7 | C29: 12.5 | D29: 0.83 | E29: 0.89 | F29: 100 | G29: 0.5 | H29: Moderate | J29: =$B29 -> 7x7x7 | K29: =IF(ISNUMBER(M29),calculateSets(M29:V29,J$3,0,50%,$H29,$I29),1) -> 1 | L29: =IF(AND(ISNUMBER(C29),C29>0),calculateWeight(C29,$D29,$E29,$F29,$G29,0,J$3),0) -> 10.5 | W29: =IF(ISNUMBER(M29),calculateEffectiveRepetitions(M29:V29),0) -> 0 | X29: =IF(AND(ISNUMBER(M29),ISNUMBER(L29)),calculateHVL(M29:V29,L29),0) -> 0 | Y29: =IF(AND(ISNUMBER(L29),ISNUMBER(M29)),calculate1RM(L29,M29),0) -> 0 | Z29: =J29 -> 7x7x7 | AA29: =IF(ISNUMBER(AC29),calculateSets(AC29:AL29,Z$3,0,50%,$H29,$I29),1) -> 1 | AB29: =IF(AND(ISNUMBER(Y29),Y29>0),calculateWeight(Y29,$D29,$E29,$F29,$G29,L29,Z$3),0) -> 0 | AM29: =IF(ISNUMBER(AC29),calculateEffectiveRepetitions(AC29:AL29),0) -> 0 | AN29: =IF(AND(ISNUMBER(AC29),ISNUMBER(AB29)),calculateHVL(AC29:AL29,AB29),0) -> 0 | AO29: =IF(AND(ISNUMBER(AB29),ISNUMBER(AC29)),calculate1RM(AB29,AC29),0) -> 0 | AP29: =Z29 -> 7x7x7 | AQ29: =IF(ISNUMBER(AS29),calculateSets(AS29:BB29,AP$3,0,50%,$H29,$I29),1) -> 1 | AR29: =IF(AND(ISNUMBER(AO29),AO29>0),calculateWeight(AO29,$D29,$E29,$F29,$G29,AB29,AP$3),0) -> 0 | BC29: =IF(ISNUMBER(AS29),calculateEffectiveRepetitions(AS29:BB29),0) -> 0 | BD29: =IF(AND(ISNUMBER(AS29),ISNUMBER(AR29)),calculateHVL(AS29:BB29,AR29),0) -> 0 | BE29: =IF(AND(ISNUMBER(AR29),ISNUMBER(AS29)),calculate1RM(AR29,AS29),0) -> 0 | BF29: =AP29 -> 7x7x7 | BG29: =IF(ISNUMBER(BI29),calculateSets(BI29:BR29,BF$3,0,50%,$H29,$I29),1) -> 1 | BH29: =IF(AND(ISNUMBER(BE29),BE29>0),calculateWeight(BE29,$D29,$E29,$F29,$G29,AR29,BF$3),0) -> 0 | BS29: =IF(ISNUMBER(BI29),calculateEffectiveRepetitions(BI29:BR29),0) -> 0 | BT29: =IF(AND(ISNUMBER(BI29),ISNUMBER(BH29)),calculateHVL(BI29:BR29,BH29),0) -> 0 | BU29: =IF(AND(ISNUMBER(BH29),ISNUMBER(BI29)),calculate1RM(BH29,BI29),0) -> 0
J30: =J3 -> Week 1 | Z30: =Z21 -> Week 2 | AP30: =AP21 -> Week 3 | BF30: =BF21 -> Week 4
J31: Exercise | K31: Sets | L31: Weight | M31: Reps | W31: Eff. Reps | X31: HVL | Y31: 1RM | Z31: Exercise | AA31: Sets | AB31: Weight | AC31: Reps | AM31: Eff. Reps | AN31: HVL | AO31: 1RM | AP31: Exercise | AQ31: Sets | AR31: Weight | AS31: Reps | BC31: Eff. Reps | BD31: HVL | BE31: 1RM | BF31: Exercise | BG31: Sets | BH31: Weight | BI31: Reps | BS31: Eff. Reps | BT31: HVL | BU31: 1RM
B32: Exercise | C32: 1RM | D32: 1st Rep Range | F32: Weight Stack Set | G32: Rounding | H32: Training Volume | I32: Maximum Sets
C33: 100 | D33: 0.83 | E33: 0.89 | F33: 100 | G33: 0.5 | H33: Moderate | J33: =$B33 | K33: =IF(ISNUMBER(M33),calculateSets(M33:V33,J$3,W28,100%,$H33,$I33),1) -> 1 | L33: =IF(AND(ISNUMBER(C33),C33>0),calculateWeight(C33,$D33,$E33,$F33,$G33,0,J$3),0) -> 83 | W33: =IF(ISNUMBER(M33),calculateEffectiveRepetitions(M33:V33),0) -> 0 | X33: =IF(AND(ISNUMBER(M33),ISNUMBER(L33)),calculateHVL(M33:V33,L33),0) -> 0 | Y33: =IF(AND(ISNUMBER(L33),ISNUMBER(M33)),calculate1RM(L33,M33),0) -> 0 | Z33: =J33 | AA33: =IF(ISNUMBER(AC33),calculateSets(AC33:AL33,Z$3,AM28,100%,$H33,$I33),1) -> 1 | AB33: =IF(AND(ISNUMBER(Y33),Y33>0),calculateWeight(Y33,$D33,$E33,$F33,$G33,L33,Z$3),0) -> 0 | AM33: =IF(ISNUMBER(AC33),calculateEffectiveRepetitions(AC33:AL33),0) -> 0 | AN33: =IF(AND(ISNUMBER(AC33),ISNUMBER(AB33)),calculateHVL(AC33:AL33,AB33),0) -> 0 | AO33: =IF(AND(ISNUMBER(AB33),ISNUMBER(AC33)),calculate1RM(AB33,AC33),0) -> 0 | AP33: =Z33 | AQ33: =IF(ISNUMBER(AS33),calculateSets(AS33:BB33,AP$3,BC28,100%,$H33,$I33),1) -> 1 | AR33: =IF(AND(ISNUMBER(AO33),AO33>0),calculateWeight(AO33,$D33,$E33,$F33,$G33,AB33,AP$3),0) -> 0 | BC33: =IF(ISNUMBER(AS33),calculateEffectiveRepetitions(AS33:BB33),0) -> 0 | BD33: =IF(AND(ISNUMBER(AS33),ISNUMBER(AR33)),calculateHVL(AS33:BB33,AR33),0) -> 0 | BE33: =IF(AND(ISNUMBER(AR33),ISNUMBER(AS33)),calculate1RM(AR33,AS33),0) -> 0 | BF33: =AP33 | BG33: =IF(ISNUMBER(BI33),calculateSets(BI33:BR33,BF$3,BS28,100%,$H33,$I33),1) -> 1 | BH33: =IF(AND(ISNUMBER(BE33),BE33>0),calculateWeight(BE33,$D33,$E33,$F33,$G33,AR33,BF$3),0) -> 0 | BS33: =IF(ISNUMBER(BI33),calculateEffectiveRepetitions(BI33:BR33),0) -> 0 | BT33: =IF(AND(ISNUMBER(BI33),ISNUMBER(BH33)),calculateHVL(BI33:BR33,BH33),0) -> 0 | BU33: =IF(AND(ISNUMBER(BH33),ISNUMBER(BI33)),calculate1RM(BH33,BI33),0) -> 0
C34: 100 | D34: 0.83 | E34: 0.89 | F34: 100 | G34: 0.5 | H34: Moderate | J34: =$B34 | K34: =IF(ISNUMBER(M34),calculateSets(M34:V34,J$3,W29,100%,$H34,$I34),1) -> 1 | L34: =IF(AND(ISNUMBER(C34),C34>0),calculateWeight(C34,$D34,$E34,$F34,$G34,0,J$3),0) -> 83 | W34: =IF(ISNUMBER(M34),calculateEffectiveRepetitions(M34:V34),0) -> 0 | X34: =IF(AND(ISNUMBER(M34),ISNUMBER(L34)),calculateHVL(M34:V34,L34),0) -> 0 | Y34: =IF(AND(ISNUMBER(L34),ISNUMBER(M34)),calculate1RM(L34,M34),0) -> 0 | Z34: =J34 | AA34: =IF(ISNUMBER(AC34),calculateSets(AC34:AL34,Z$3,AM29,100%,$H34,$I34),1) -> 1 | AB34: =IF(AND(ISNUMBER(Y34),Y34>0),calculateWeight(Y34,$D34,$E34,$F34,$G34,L34,Z$3),0) -> 0 | AM34: =IF(ISNUMBER(AC34),calculateEffectiveRepetitions(AC34:AL34),0) -> 0 | AN34: =IF(AND(ISNUMBER(AC34),ISNUMBER(AB34)),calculateHVL(AC34:AL34,AB34),0) -> 0 | AO34: =IF(AND(ISNUMBER(AB34),ISNUMBER(AC34)),calculate1RM(AB34,AC34),0) -> 0 | AP34: =Z34 | AQ34: =IF(ISNUMBER(AS34),calculateSets(AS34:BB34,AP$3,BC29,100%,$H34,$I34),1) -> 1 | AR34: =IF(AND(ISNUMBER(AO34),AO34>0),calculateWeight(AO34,$D34,$E34,$F34,$G34,AB34,AP$3),0) -> 0 | BC34: =IF(ISNUMBER(AS34),calculateEffectiveRepetitions(AS34:BB34),0) -> 0 | BD34: =IF(AND(ISNUMBER(AS34),ISNUMBER(AR34)),calculateHVL(AS34:BB34,AR34),0) -> 0 | BE34: =IF(AND(ISNUMBER(AR34),ISNUMBER(AS34)),calculate1RM(AR34,AS34),0) -> 0 | BF34: =AP34 | BG34: =IF(ISNUMBER(BI34),calculateSets(BI34:BR34,BF$3,BS29,100%,$H34,$I34),1) -> 1 | BH34: =IF(AND(ISNUMBER(BE34),BE34>0),calculateWeight(BE34,$D34,$E34,$F34,$G34,AR34,BF$3),0) -> 0 | BS34: =IF(ISNUMBER(BI34),calculateEffectiveRepetitions(BI34:BR34),0) -> 0 | BT34: =IF(AND(ISNUMBER(BI34),ISNUMBER(BH34)),calculateHVL(BI34:BR34,BH34),0) -> 0 | BU34: =IF(AND(ISNUMBER(BH34),ISNUMBER(BI34)),calculate1RM(BH34,BI34),0) -> 0
C35: 100 | D35: 0.83 | E35: 0.89 | F35: 100 | G35: 0.5 | H35: Moderate | J35: =$B35 | K35: =IF(ISNUMBER(M35),calculateSets(M35:V35,J$3,0,50%,$H35,$I35),1) -> 1 | L35: =IF(AND(ISNUMBER(C35),C35>0),calculateWeight(C35,$D35,$E35,$F35,$G35,0,J$3),0) -> 83 | W35: =IF(ISNUMBER(M35),calculateEffectiveRepetitions(M35:V35),0) -> 0 | X35: =IF(AND(ISNUMBER(M35),ISNUMBER(L35)),calculateHVL(M35:V35,L35),0) -> 0 | Y35: =IF(AND(ISNUMBER(L35),ISNUMBER(M35)),calculate1RM(L35,M35),0) -> 0 | Z35: =J35 | AA35: =IF(ISNUMBER(AC35),calculateSets(AC35:AL35,Z$3,0,50%,$H35,$I35),1) -> 1 | AB35: =IF(AND(ISNUMBER(Y35),Y35>0),calculateWeight(Y35,$D35,$E35,$F35,$G35,L35,Z$3),0) -> 0 | AM35: =IF(ISNUMBER(AC35),calculateEffectiveRepetitions(AC35:AL35),0) -> 0 | AN35: =IF(AND(ISNUMBER(AC35),ISNUMBER(AB35)),calculateHVL(AC35:AL35,AB35),0) -> 0 | AO35: =IF(AND(ISNUMBER(AB35),ISNUMBER(AC35)),calculate1RM(AB35,AC35),0) -> 0 | AP35: =Z35 | AQ35: =IF(ISNUMBER(AS35),calculateSets(AS35:BB35,AP$3,0,50%,$H35,$I35),1) -> 1 | AR35: =IF(AND(ISNUMBER(AO35),AO35>0),calculateWeight(AO35,$D35,$E35,$F35,$G35,AB35,AP$3),0) -> 0 | BC35: =IF(ISNUMBER(AS35),calculateEffectiveRepetitions(AS35:BB35),0) -> 0 | BD35: =IF(AND(ISNUMBER(AS35),ISNUMBER(AR35)),calculateHVL(AS35:BB35,AR35),0) -> 0 | BE35: =IF(AND(ISNUMBER(AR35),ISNUMBER(AS35)),calculate1RM(AR35,AS35),0) -> 0 | BF35: =AP35 | BG35: =IF(ISNUMBER(BI35),calculateSets(BI35:BR35,BF$3,0,50%,$H35,$I35),1) -> 1 | BH35: =IF(AND(ISNUMBER(BE35),BE35>0),calculateWeight(BE35,$D35,$E35,$F35,$G35,AR35,BF$3),0) -> 0 | BS35: =IF(ISNUMBER(BI35),calculateEffectiveRepetitions(BI35:BR35),0) -> 0 | BT35: =IF(AND(ISNUMBER(BI35),ISNUMBER(BH35)),calculateHVL(BI35:BR35,BH35),0) -> 0 | BU35: =IF(AND(ISNUMBER(BH35),ISNUMBER(BI35)),calculate1RM(BH35,BI35),0) -> 0
C36: 100 | D36: 0.83 | E36: 0.89 | F36: 100 | G36: 0.5 | H36: Moderate | J36: =$B36 | K36: =IF(ISNUMBER(M36),calculateSets(M36:V36,J$3,SUM(W28,W33)*50%,100%,$H36,$I36),1) -> 1 | L36: =IF(AND(ISNUMBER(C36),C36>0),calculateWeight(C36,$D36,$E36,$F36,$G36,0,J$3),0) -> 83 | W36: =IF(ISNUMBER(M36),calculateEffectiveRepetitions(M36:V36),0) -> 0 | X36: =IF(AND(ISNUMBER(M36),ISNUMBER(L36)),calculateHVL(M36:V36,L36),0) -> 0 | Y36: =IF(AND(ISNUMBER(L36),ISNUMBER(M36)),calculate1RM(L36,M36),0) -> 0 | Z36: =J36 | AA36: =IF(ISNUMBER(AC36),calculateSets(AC36:AL36,Z$3,SUM(AM28,AM33)*50%,100%,$H36,$I36),1) -> 1 | AB36: =IF(AND(ISNUMBER(Y36),Y36>0),calculateWeight(Y36,$D36,$E36,$F36,$G36,L36,Z$3),0) -> 0 | AM36: =IF(ISNUMBER(AC36),calculateEffectiveRepetitions(AC36:AL36),0) -> 0 | AN36: =IF(AND(ISNUMBER(AC36),ISNUMBER(AB36)),calculateHVL(AC36:AL36,AB36),0) -> 0 | AO36: =IF(AND(ISNUMBER(AB36),ISNUMBER(AC36)),calculate1RM(AB36,AC36),0) -> 0 | AP36: =Z36 | AQ36: =IF(ISNUMBER(AS36),calculateSets(AS36:BB36,AP$3,SUM(BC28,BC33)*50%,100%,$H36,$I36),1) -> 1 | AR36: =IF(AND(ISNUMBER(AO36),AO36>0),calculateWeight(AO36,$D36,$E36,$F36,$G36,AB36,AP$3),0) -> 0 | BC36: =IF(ISNUMBER(AS36),calculateEffectiveRepetitions(AS36:BB36),0) -> 0 | BD36: =IF(AND(ISNUMBER(AS36),ISNUMBER(AR36)),calculateHVL(AS36:BB36,AR36),0) -> 0 | BE36: =IF(AND(ISNUMBER(AR36),ISNUMBER(AS36)),calculate1RM(AR36,AS36),0) -> 0 | BF36: =AP36 | BG36: =IF(ISNUMBER(BI36),calculateSets(BI36:BR36,BF$3,SUM(BS28,BS33)*50%,100%,$H36,$I36),1) -> 1 | BH36: =IF(AND(ISNUMBER(BE36),BE36>0),calculateWeight(BE36,$D36,$E36,$F36,$G36,AR36,BF$3),0) -> 0 | BS36: =IF(ISNUMBER(BI36),calculateEffectiveRepetitions(BI36:BR36),0) -> 0 | BT36: =IF(AND(ISNUMBER(BI36),ISNUMBER(BH36)),calculateHVL(BI36:BR36,BH36),0) -> 0 | BU36: =IF(AND(ISNUMBER(BH36),ISNUMBER(BI36)),calculate1RM(BH36,BI36),0) -> 0
C37: 100 | D37: 0.83 | E37: 0.89 | F37: 100 | G37: 0.5 | H37: Moderate | J37: =$B37 | K37: =IF(ISNUMBER(M37),calculateSets(M37:V37,J$3,W35,100%,$H37,$I37),1) -> 1 | L37: =IF(AND(ISNUMBER(C37),C37>0),calculateWeight(C37,$D37,$E37,$F37,$G37,0,J$3),0) -> 83 | W37: =IF(ISNUMBER(M37),calculateEffectiveRepetitions(M37:V37),0) -> 0 | X37: =IF(AND(ISNUMBER(M37),ISNUMBER(L37)),calculateHVL(M37:V37,L37),0) -> 0 | Y37: =IF(AND(ISNUMBER(L37),ISNUMBER(M37)),calculate1RM(L37,M37),0) -> 0 | Z37: =J37 | AA37: =IF(ISNUMBER(AC37),calculateSets(AC37:AL37,Z$3,AM35,100%,$H37,$I37),1) -> 1 | AB37: =IF(AND(ISNUMBER(Y37),Y37>0),calculateWeight(Y37,$D37,$E37,$F37,$G37,L37,Z$3),0) -> 0 | AM37: =IF(ISNUMBER(AC37),calculateEffectiveRepetitions(AC37:AL37),0) -> 0 | AN37: =IF(AND(ISNUMBER(AC37),ISNUMBER(AB37)),calculateHVL(AC37:AL37,AB37),0) -> 0 | AO37: =IF(AND(ISNUMBER(AB37),ISNUMBER(AC37)),calculate1RM(AB37,AC37),0) -> 0 | AP37: =Z37 | AQ37: =IF(ISNUMBER(AS37),calculateSets(AS37:BB37,AP$3,BC35,100%,$H37,$I37),1) -> 1 | AR37: =IF(AND(ISNUMBER(AO37),AO37>0),calculateWeight(AO37,$D37,$E37,$F37,$G37,AB37,AP$3),0) -> 0 | BC37: =IF(ISNUMBER(AS37),calculateEffectiveRepetitions(AS37:BB37),0) -> 0 | BD37: =IF(AND(ISNUMBER(AS37),ISNUMBER(AR37)),calculateHVL(AS37:BB37,AR37),0) -> 0 | BE37: =IF(AND(ISNUMBER(AR37),ISNUMBER(AS37)),calculate1RM(AR37,AS37),0) -> 0 | BF37: =AP37 | BG37: =IF(ISNUMBER(BI37),calculateSets(BI37:BR37,BF$3,BS35,100%,$H37,$I37),1) -> 1 | BH37: =IF(AND(ISNUMBER(BE37),BE37>0),calculateWeight(BE37,$D37,$E37,$F37,$G37,AR37,BF$3),0) -> 0 | BS37: =IF(ISNUMBER(BI37),calculateEffectiveRepetitions(BI37:BR37),0) -> 0 | BT37: =IF(AND(ISNUMBER(BI37),ISNUMBER(BH37)),calculateHVL(BI37:BR37,BH37),0) -> 0 | BU37: =IF(AND(ISNUMBER(BH37),ISNUMBER(BI37)),calculate1RM(BH37,BI37),0) -> 0
C38: 100 | D38: 0.83 | E38: 0.89 | F38: 100 | G38: 0.5 | H38: Moderate | J38: =$B38 | K38: =IF(ISNUMBER(M38),calculateSets(M38:V38,J$3,SUM(W29,W34)*50%,100%,$H38,$I38),1) -> 1 | L38: =IF(AND(ISNUMBER(C38),C38>0),calculateWeight(C38,$D38,$E38,$F38,$G38,0,J$3),0) -> 83 | W38: =IF(ISNUMBER(M38),calculateEffectiveRepetitions(M38:V38),0) -> 0 | X38: =IF(AND(ISNUMBER(M38),ISNUMBER(L38)),calculateHVL(M38:V38,L38),0) -> 0 | Y38: =IF(AND(ISNUMBER(L38),ISNUMBER(M38)),calculate1RM(L38,M38),0) -> 0 | Z38: =J38 | AA38: =IF(ISNUMBER(AC38),calculateSets(AC38:AL38,Z$3,SUM(AM29,AM34)*50%,100%,$H38,$I38),1) -> 1 | AB38: =IF(AND(ISNUMBER(Y38),Y38>0),calculateWeight(Y38,$D38,$E38,$F38,$G38,L38,Z$3),0) -> 0 | AM38: =IF(ISNUMBER(AC38),calculateEffectiveRepetitions(AC38:AL38),0) -> 0 | AN38: =IF(AND(ISNUMBER(AC38),ISNUMBER(AB38)),calculateHVL(AC38:AL38,AB38),0) -> 0 | AO38: =IF(AND(ISNUMBER(AB38),ISNUMBER(AC38)),calculate1RM(AB38,AC38),0) -> 0 | AP38: =Z38 | AQ38: =IF(ISNUMBER(AS38),calculateSets(AS38:BB38,AP$3,SUM(BC29,BC34)*50%,100%,$H38,$I38),1) -> 1 | AR38: =IF(AND(ISNUMBER(AO38),AO38>0),calculateWeight(AO38,$D38,$E38,$F38,$G38,AB38,AP$3),0) -> 0 | BC38: =IF(ISNUMBER(AS38),calculateEffectiveRepetitions(AS38:BB38),0) -> 0 | BD38: =IF(AND(ISNUMBER(AS38),ISNUMBER(AR38)),calculateHVL(AS38:BB38,AR38),0) -> 0 | BE38: =IF(AND(ISNUMBER(AR38),ISNUMBER(AS38)),calculate1RM(AR38,AS38),0) -> 0 | BF38: =AP38 | BG38: =IF(ISNUMBER(BI38),calculateSets(BI38:BR38,BF$3,SUM(BS29,BS34)*50%,100%,$H38,$I38),1) -> 1 | BH38: =IF(AND(ISNUMBER(BE38),BE38>0),calculateWeight(BE38,$D38,$E38,$F38,$G38,AR38,BF$3),0) -> 0 | BS38: =IF(ISNUMBER(BI38),calculateEffectiveRepetitions(BI38:BR38),0) -> 0 | BT38: =IF(AND(ISNUMBER(BI38),ISNUMBER(BH38)),calculateHVL(BI38:BR38,BH38),0) -> 0 | BU38: =IF(AND(ISNUMBER(BH38),ISNUMBER(BI38)),calculate1RM(BH38,BI38),0) -> 0
B41: Workout Details
B42: Perform sets to muscular failure superset opposing muscle groups with a 90-second rest between exercises. If used, Rest Pause Training (RPT) requires 15 seconds rest beetween sets. The exercises done with Trainer+ could be performed in Old School mode or Echo mode.

Sheet simple-training-template
I3: Week 1 | AT3: =CONCATENATE("Week ",RIGHT(I3,2)+1) -> Week 2 | CE3: =CONCATENATE("Week ",RIGHT(AT3,2)+1) -> Week 3 | DP3: =CONCATENATE("Week ",RIGHT(CE3,2)+1) -> Week 4
I4: Exercise | J4: Sets Ovr | K4: Sets | L4: Wt Ovr | M4: Est Wt | N4: Weight | O4: RIR | P4: Rep Results | Z4: HVL | AJ4: % e1RM | AK4: e1RM | AL4: VL | AM4: HVL | AN4: cHVL-1 | AO4: cHVL | AP4: Score-1 | AQ4: Score | AR4: Rating-1 | AS4: Rating | AT4: Exercise | AU4: Sets Ovr | AV4: Sets | AW4: Wt Ovr | AX4: Est Wt | AY4: Weight | AZ4: RIR | BA4: Rep Results | BK4: HVL | BU4: % e1RM | BV4: e1RM | BW4: VL | BX4: HVL | BY4: cHVL-1 | BZ4: cHVL | CA4: Score-1 | CB4: Score | CC4: Rating-1 | CD4: Rating | CE4: Exercise | CF4: Sets Ovr | CG4: Sets | CH4: Wt Ovr | CI4: Est Wt | CJ4: Weight | CK4: RIR | CL4: Rep Results | CV4: HVL | DF4: % e1RM | DG4: e1RM | DH4: VL | DI4: HVL | DJ4: cHVL-1 | DK4: cHVL | DL4: Score-1 | DM4: Score | DN4: Rating-1 | DO4: Rating | DP4: Exercise | DQ4: Sets Ovr | DR4: Sets | DS4: Wt Ovr | DT4: Est Wt | DU4: Weight | DV4: RIR | DW4: Rep Results | EG4: HVL | EQ4: % e1RM | ER4: e1RM | ES4: VL | ET4: HVL | EU4: cHVL-1 | EV4: cHVL | EW4: Score-1 | EX4: Score | EY4: Rating-1 | EZ4: Rating
B5: Workout | C5: 1RM | D5: MIN (1RM) | E5: MAX (1RM) | F5: MAX (Sets) | G5: MAX (Weight) | H5: Multiple | I5: Day 1: | AT5: Day 1: | CE5: Day 1: | DP5: Day 1:
B6: Low Cable Squat [Trainer+] | C6: 100 | D6: 0.8 | E6: 0.85 | F6: 3 | G6: 180 | H6: 0.5 | I6: =$B6 -> Low Cable Squat [Trainer+] | J6: =MAX(ROUND($F6*25%,0),1) -> 1 | K6: =IF(ISNUMBER(J6),J6,MAX(ROUND($F6,0),1)) -> 1 | M6: =IF(ISNUMBER(L6),L6,MIN(MAX(MROUND(C6*$D6,$H6),$H6),$G6)) -> 80 | N6: =M6 -> 80 | O6: 0 | Z6: {=IF(ISNUMBER(P6),INDEX('hyper-reps-lookup-table'!$B$2:$AE$31,P6,O6+1)*N6*(36/(37-(P6+O6))),0)} -> 0 | AA6: {=IF(ISNUMBER(Q6),INDEX('hyper-reps-lookup-table'!$B$2:$AE$31,Q6,O6+1)*N6*(36/(37-(Q6+O6))),0)} -> 0 | AB6: {=IF(ISNUMBER(R6),INDEX('hyper-reps-lookup-table'!$B$2:$AE$31,R6,O6+1)*N6*(36/(37-(R6+O6))),0)} -> 0 | AC6: {=IF(ISNUMBER(S6),INDEX('hyper-reps-lookup-table'!$B$2:$AE$31,S6,O6+1)*N6*(36/(37-(S6+O6))),0)} -> 0 | AD6: {=IF(ISNUMBER(T6),INDEX('hyper-reps-lookup-table'!$B$2:$AE$31,T6,O6+1)*N6*(36/(37-(T6+O6))),0)} -> 0 | AE6: {=IF(ISNUMBER(U6),INDEX('hyper-reps-lookup-table'!$B$2:$AE$31,U6,O6+1)*N6*(36/(37-(U6+O6))),0)} -> 0 | AF6: {=IF(ISNUMBER(V6),INDEX('hyper-reps-lookup-table'!$B$2:$AE$31,V6,O6+1)*N6*(36/(37-(V6+O6))),0)} -> 0 | AG6: {=IF(ISNUMBER(W6),INDEX('hyper-reps-lookup-table'!$B$2:$AE$31,W6,O6+1)*N6*(36/(37-(W6+O6))),0)} -> 0 | AH6: {=IF(ISNUMBER(X6),INDEX('hyper-reps-lookup-table'!$B$2:$AE$31,X6,O6+1)*N6*(36/(37-(X6+O6))),0)} -> 0 | AI6: {=IF(ISNUMBER(Y6),INDEX('hyper-reps-lookup-table'!$B$2:$AE$31,Y6,O6+1)*N6*(36/(37-(Y6+O6))),0)} -> 0 | AJ6: =IF(AK6>0,N6/AK6,0%) -> 0 | AK6: =IF(ISNUMBER(P6),N6*(36/(37-(P6+O6))),0) -> 0 | AL6: =SUM(P6:Y6)*N6 -> 0 | AM6: =SUM(Z6:AI6) -> 0 | AN6: 0 | AO6: 0 | AP6: 0 | AQ6: 0 | AR6: 0 | AS6: 0 | AT6: =I6 -> Low Cable Squat [Trainer+] | AU6: =MAX(ROUND($F6,0),1) -> 3 | AV6: =IF(ISNUMBER(AU6),AU6,MIN(MAX(IFS(CC6>0,K6+1,CC6=0,K6,CC6<0,K6),1),$F6)) -> 3 | AX6: =IF(ISNUMBER(AW6),AW6,MIN(MAX(MIN(IFS(CC6>0,M6*1.025,CC6=0,M6,CC6<0,AK6*$D6),AK6*$E6),AK6*$D6),$G6)) -> 0 | AY6: =IF(ISNUMBER(AW6),AW6,MAX(MROUND(AX6,$H6),$H6)) -> 0.5 | AZ6: 0 | BK6: {=IF(ISNUMBER(BA6),INDEX('hyper-reps-lookup-table'!$B$2:$AE$31,BA6,AZ6+1)*AY6*(36/(37-(BA6+AZ6))),0)} -> 0 | BL6: {=IF(ISNUMBER(BB6),INDEX('hyper-reps-lookup-table'!$B$2:$AE$31,BB6,AZ6+1)*AY6*(36/(37-(BB6+AZ6))),0)} -> 0 | BM6: {=IF(ISNUMBER(BC6),INDEX('hyper-reps-lookup-table'!$B$2:$AE$31,BC6,AZ6+1)*AY6*(36/(37-(BC6+AZ6))),0)} -> 0 | BN6: {=IF(ISNUMBER(BD6),INDEX('hyper-reps-lookup-table'!$B$2:$AE$31,BD6,AZ6+1)*AY6*(36/(37-(BD6+AZ6))),0)} -> 0 | BO6: {=IF(ISNUMBER(BE6),INDEX('hyper-reps-lookup-table'!$B$2:$AE$31,BE6,AZ6+1)*AY6*(36/(37-(BE6+AZ6))),0)} -> 0 | BP6: {=IF(ISNUMBER(BF6),INDEX('hyper-reps-lookup-table'!$B$2:$AE$31,BF6,AZ6+1)*AY6*(36/(37-(BF6+AZ6))),0)} -> 0 | BQ6: {=IF(ISNUMBER(BG6),INDEX('hyper-reps-lookup-table'!$B$2:$AE$31,BG6,AZ6+1)*AY6*(36/(37-(BG6+AZ6))),0)} -> 0 | BR6: {=IF(ISNUMBER(BH6),INDEX('hyper-reps-lookup-table'!$B$2:$AE$31,BH6,AZ6+1)*AY6*(36/(37-(BH6+AZ6))),0)} -> 0 | BS6: {=IF(ISNUMBER(BI6),INDEX('hyper-reps-lookup-table'!$B$2:$AE$31,BI6,AZ6+1)*AY6*(36/(37-(BI6+AZ6))),0)} -> 0 | BT6: {=IF(ISNUMBER(BJ6),INDEX('hyper-reps-lookup-table'!$B$2:$AE$31,BJ6,AZ6+1)*AY6*(36/(37-(BJ6+AZ6))),0)} -> 0 | BU6: =IF(BV6>0,AY6/BV6,0%) -> 0 | BV6: =IF(ISNUMBER(BA6),AY6*(36/(37-(BA6+AZ6))),0) -> 0 | BW6: =SUM(BA6:BJ6)*AY6 -> 0 | BX6: =SUM(BK6:BT6) -> 0 | BY6: =MROUND(SUM(Z6:OFFSET(Z6,0,MIN(AV6,K6)-1)),$H6) -> 0 | BZ6: =MROUND(SUM(BK6:OFFSET(BK6,0,MIN(AV6,K6)-1)),$H6) -> 0 | CA6: =AQ24 -> 0 | CB6: =IF(AND(ISNUMBER(OFFSET(BA6,0,AV6-1)),AT6=I6),IFS(CC6<0,0,BZ6>BY6,1,BZ6<BY6,-0.5,BZ6=BY6,0),0) -> 0 | CC6: =AS24 -> 0 | CD6: =IFS(CC6=-1,-2,CC6=-2,0,CB6>0,1,(CB6+CA6)=-1,-1,CB6=0,0,CB6<0,0) -> 0 | CE6: =AT6 -> Low Cable Squat [Trainer+] | CG6: =IF(ISNUMBER(CF6),CF6,MIN(MAX(IFS(DN6>0,AV6+1,DN6=0,AV6,DN6<0,AV6),1),$F6)) -> 3 | CI6: =IF(ISNUMBER(CH6),CH6,MIN(MAX(MIN(IFS(DN6>0,AX6*1.025,DN6=0,AX6,DN6<0,BV6*$D6),BV6*$E6),BV6*$D6),$G6)) -> 0 | CJ6: =IF(ISNUMBER(CH6),CH6,MAX(MROUND(CI6,$H6),$H6)) -> 0.5 | CK6: 0 | CV6: {=IF(ISNUMBER(CL6),INDEX('hyper-reps-lookup-table'!$B$2:$AE$31,CL6,CK6+1)*CJ6*(36/(37-(CL6+CK6))),0)} -> 0 | CW6: {=IF(ISNUMBER(CM6),INDEX('hyper-reps-lookup-table'!$B$2:$AE$31,CM6,CK6+1)*CJ6*(36/(37-(CM6+CK6))),0)} -> 0 | CX6: {=IF(ISNUMBER(CN6),INDEX('hyper-reps-lookup-table'!$B$2:$AE$31,CN6,CK6+1)*CJ6*(36/(37-(CN6+CK6))),0)} -> 0 | CY6: {=IF(ISNUMBER(CO6),INDEX('hyper-reps-lookup-table'!$B$2:$AE$31,CO6,CK6+1)*CJ6*(36/(37-(CO6+CK6))),0)} -> 0 | CZ6: {=IF(ISNUMBER(CP6),INDEX('hyper-reps-lookup-table'!$B$2:$AE$31,CP6,CK6+1)*CJ6*(36/(37-(CP6+CK6))),0)} -> 0 | DA6: {=IF(ISNUMBER(CQ6),INDEX('hyper-reps-lookup-table'!$B$2:$AE$31,CQ6,CK6+1)*CJ6*(36/(37-(CQ6+CK6))),0)} -> 0 | DB6: {=IF(ISNUMBER(CR6),INDEX('hyper-reps-lookup-table'!$B$2:$AE$31,CR6,CK6+1)*CJ6*(36/(37-(CR6+CK6))),0)} -> 0 | DC6: {=IF(ISNUMBER(CS6),INDEX('hyper-reps-lookup-table'!$B$2:$AE$31,CS6,CK6+1)*CJ6*(36/(37-(CS6+CK6))),0)} -> 0 | DD6: {=IF(ISNUMBER(CT6),INDEX('hyper-reps-lookup-table'!$B$2:$AE$31,CT6,CK6+1)*CJ6*(36/(37-(CT6+CK6))),0)} -> 0 | DE6: {=IF(ISNUMBER(CU6),INDEX('hyper-reps-lookup-table'!$B$2:$AE$31,CU6,CK6+1)*CJ6*(36/(37-(CU6+CK6))),0)} -> 0 | DF6: =IF(DG6>0,CJ6/DG6,0%) -> 0 | DG6: =IF(ISNUMBER(CL6),CJ6*(36/(37-(CL6+CK6))),0) -> 0 | DH6: =SUM(CL6:CU6)*CJ6 -> 0 | DI6: =SUM(CV6:DE6) -> 0 | DJ6: =MROUND(SUM(BK6:OFFSET(BK6,0,MIN(CG6,AV6)-1)),$H6) -> 0 | DK6: =MROUND(SUM(CV6:OFFSET(CV6,0,MIN(CG6,AV6)-1)),$H6) -> 0 | DL6: =CB24 -> 0 | DM6: =IF(AND(ISNUMBER(OFFSET(CL6,0,CG6-1)),CE6=AT6),IFS(DN6<0,0,DK6>DJ6,1,DK6<DJ6,-0.5,DK6=DJ6,0),0) -> 0 | DN6: =CD24 -> 0 | DO6: =IFS(DN6=-1,-2,DN6=-2,0,DM6>0,1,(DM6+DL6)=-1,-1,DM6=0,0,DM6<0,0) -> 0 | DP6: =CE6 -> Low Cable Squat [Trainer+] | DR6: =IF(ISNUMBER(DQ6),DQ6,MIN(MAX(IFS(EY6>0,CG6+1,EY6=0,CG6,EY6<0,CG6),1),$F6)) -> 3 | DT6: =IF(ISNUMBER(DS6),DS6,MIN(MAX(MIN(IFS(EY6>0,CI6*1.025,EY6=0,CI6,EY6<0,DG6*$D6),DG6*$E6),DG6*$D6),$G6)) -> 0 | DU6: =IF(ISNUMBER(DS6),DS6,MAX(MROUND(DT6,$H6),$H6)) -> 0.5 | DV6: 0 | EG6: {=IF(ISNUMBER(DW6),INDEX('hyper-reps-lookup-table'!$B$2:$AE$31,DW6,DV6+1)*DU6*(36/(37-(DW6+DV6))),0)} -> 0 | EH6: {=IF(ISNUMBER(DX6),INDEX('hyper-reps-lookup-table'!$B$2:$AE$31,DX6,DV6+1)*DU6*(36/(37-(DX6+DV6))),0)} -> 0 | EI6: {=IF(ISNUMBER(DY6),INDEX('hyper-reps-lookup-table'!$B$2:$AE$31,DY6,DV6+1)*DU6*(36/(37-(DY6+DV6))),0)} -> 0 | EJ6: {=IF(ISNUMBER(DZ6),INDEX('hyper-reps-lookup-table'!$B$2:$AE$31,DZ6,DV6+1)*DU6*(36/(37-(DZ6+DV6))),0)} -> 0 | EK6: {=IF(ISNUMBER(EA6),INDEX('hyper-reps-lookup-table'!$B$2:$AE$31,EA6,DV6+1)*DU6*(36/(37-(EA6+DV6))),0)} -> 0 | EL6: {=IF(ISNUMBER(EB6),INDEX('hyper-reps-lookup-table'!$B$2:$AE$31,EB6,DV6+1)*DU6*(36/(37-(EB6+DV6))),0)} -> 0 | EM6: {=IF(ISNUMBER(EC6),INDEX('hyper-reps-lookup-table'!$B$2:$AE$31,EC6,DV6+1)*DU6*(36/(37-(EC6+DV6))),0)} -> 0 | EN6: {=IF(ISNUMBER(ED6),INDEX('hyper-reps-lookup-table'!$B$2:$AE$31,ED6,DV6+1)*DU6*(36/(37-(ED6+DV6))),0)} -> 0 | EO6: {=IF(ISNUMBER(EE6),INDEX('hyper-reps-lookup-table'!$B$2:$AE$31,EE6,DV6+1)*DU6*(36/(37-(EE6+DV6))),0)} -> 0 | EP6: {=IF(ISNUMBER(EF6),INDEX('hyper-reps-lookup-table'!$B$2:$AE$31,EF6,DV6+1)*DU6*(36/(37-(EF6+DV6))),0)} -> 0 | EQ6: =IF(ER6>0,DU6/ER6,0%) -> 0 | ER6: =IF(ISNUMBER(DW6),DU6*(36/(37-(DW6+DV6))),0) -> 0 | ES6: =SUM(DW6:EF6)*DU6 -> 0 | ET6: =SUM(EG6:EP6) -> 0 | EU6: =MROUND(SUM(CV6:OFFSET(CV6,0,MIN(DR6,CG6)-1)),$H6) -> 0 | EV6: =MROUND(SUM(EG6:OFFSET(EG6,0,MIN(DR6,CG6)-1)),$H6) -> 0 | EW6: =DM24 -> 0 | EX6: =IF(AND(ISNUMBER(OFFSET(DW6,0,DR6-1)),DP6=CE6),IFS(EY6<0,0,EV6>EU6,1,EV6<EU6,-0.5,EV6=EU6,0),0) -> 0 | EY6: =DO24 -> 0 | EZ6: =IFS(EY6=-1,-2,EY6=-2,0,EX6>0,1,(EX6+EW6)=-1,-1,EX6=0,0,EX6<0,0) -> 0
B7: Romanian Deadlift [Trainer+] | C7: 100 | D7: 0.8 | E7: 0.85 | F7: 3 | G7: 180 | H7: 0.5 | I7: =$B7 -> Romanian Deadlift [Trainer+] | J7: =MAX(ROUND($F7*25%,0),1) -> 1 | K7: =IF(ISNUMBER(J7),J7,MAX(ROUND($F7,0),1)) -> 1 | M7: =IF(ISNUMBER(L7),L7,MIN(MAX(MROUND(C7*$D7,$H7),$H7),$G7)) -> 80 | N7: =M7 -> 80 | O7: 0 | Z7: {=IF(ISNUMBER(P7),INDEX('hyper-reps-lookup-table'!$B$2:$AE$31,P7,O7+1)*N7*(36/(37-(P7+O7))),0)} -> 0 | AA7: {=IF(ISNUMBER(Q7),INDEX('hyper-reps-lookup-table'!$B$2:$AE$31,Q7,O7+1)*N7*(36/(37-(Q7+O7))),0)} -> 0 | AB7: {=IF(ISNUMBER(R7),INDEX('hyper-reps-lookup-table'!$B$2:$AE$31,R7,O7+1)*N7*(36/(37-(R7+O7))),0)} -> 0 | AC7: {=IF(ISNUMBER(S7),INDEX('hyper-reps-lookup-table'!$B$2:$AE$31,S7,O7+1)*N7*(36/(37-(S7+O7))),0)} -> 0 | AD7: {=IF(ISNUMBER(T7),INDEX('hyper-reps-lookup-table'!$B$2:$AE$31,T7,O7+1)*N7*(36/(37-(T7+O7))),0)} -> 0 | AE7: {=IF(ISNUMBER(U7),INDEX('hyper-reps-lookup-table'!$B$2:$AE$31,U7,O7+1)*N7*(36/(37-(U7+O7))),0)} -> 0 | AF7: {=IF(ISNUMBER(V7),INDEX('hyper-reps-lookup-table'!$B$2:$AE$31,V7,O7+1)*N7*(36/(37-(V7+O7))),0)} -> 0 | AG7: {=IF(ISNUMBER(W7),INDEX('hyper-reps-lookup-table'!$B$2:$AE$31,W7,O7+1)*N7*(36/(37-(W7+O7))),0)} -> 0 | AH7: {=IF(ISNUMBER(X7),INDEX('hyper-reps-lookup-table'!$B$2:$AE$31,X7,O7+1)*N7*(36/(37-(X7+O7))),0)} -> 0 | AI7: {=IF(ISNUMBER(Y7),INDEX('hyper-reps-lookup-table'!$B$2:$AE$31,Y7,O7+1)*N7*(36/(37-(Y7+O7))),0)} -> 0 | AJ7: =IF(AK7>0,N7/AK7,0%) -> 0 | AK7: =IF(ISNUMBER(P7),N7*(36/(37-(P7+O7))),0) -> 0 | AL7: =SUM(P7:Y7)*N7 -> 0 | AM7: =SUM(Z7:AI7) -> 0 | AN7: 0 | AO7: 0 | AP7: 0 | AQ7: 0 | AR7: 0 | AS7: 0 | AT7: =I7 -> Romanian Deadlift [Trainer+] | AU7: =MAX(ROUND($F7,0),1) -> 3 | AV7: =IF(ISNUMBER(AU7),AU7,MIN(MAX(IFS(CC7>0,K7+1,CC7=0,K7,CC7<0,K7),1),$F7)) -> 3 | AX7: =IF(ISNUMBER(AW7),AW7,MIN(MAX(MIN(IFS(CC7>0,M7*1.025,CC7=0,M7,CC7<0,AK7*$D7),AK7*$E7),AK7*$D7),$G7)) -> 0 | AY7: =IF(ISNUMBER(AW7),AW7,MAX(MROUND(AX7,$H7),$H7)) -> 0.5 | AZ7: 0 | BK7: {=IF(ISNUMBER(BA7),INDEX('hyper-reps-lookup-table'!$B$2:$AE$31,BA7,AZ7+1)*AY7*(36/(37-(BA7+AZ7))),0)} -> 0 | BL7: {=IF(ISNUMBER(BB7),INDEX('hyper-reps-lookup-table'!$B$2:$AE$31,BB7,AZ7+1)*AY7*(36/(37-(BB7+AZ7))),0)} -> 0 | BM7: {=IF(ISNUMBER(BC7),INDEX('hyper-reps-lookup-table'!$B$2:$AE$31,BC7,AZ7+1)*AY7*(36/(37-(BC7+AZ7))),0)} -> 0 | BN7: {=IF(ISNUMBER(BD7),INDEX('hyper-reps-lookup-table'!$B$2:$AE$31,BD7,AZ7+1)*AY7*(36/(37-(BD7+AZ7))),0)} -> 0 | BO7: {=IF(ISNUMBER(BE7),INDEX('hyper-reps-lookup-table'!$B$2:$AE$31,BE7,AZ7+1)*AY7*(36/(37-(BE7+AZ7))),0)} -> 0 | BP7: {=IF(ISNUMBER(BF7),INDEX('hyper-reps-lookup-table'!$B$2:$AE$31,BF7,AZ7+1)*AY7*(36/(37-(BF7+AZ7))),0)} -> 0 | BQ7: {=IF(ISNUMBER(BG7),INDEX('hyper-reps-lookup-table'!$B$2:$AE$31,BG7,AZ7+1)*AY7*(36/(37-(BG7+AZ7))),0)} -> 0 | BR7: {=IF(ISNUMBER(BH7),INDEX('hyper-reps-lookup-table'!$B$2:$AE$31,BH7,AZ7+1)*AY7*(36/(37-(BH7+AZ7))),0)} -> 0 | BS7: {=IF(ISNUMBER(BI7),INDEX('hyper-reps-lookup-table'!$B$2:$AE$31,BI7,AZ7+1)*AY7*(36/(37-(BI7+AZ7))),0)} -> 0 | BT7: {=IF(ISNUMBER(BJ7),INDEX('hyper-reps-lookup-table'!$B$2:$AE$31,BJ7,AZ7+1)*AY7*(36/(37-(BJ7+AZ7))),0)} -> 0 | BU7: =IF(BV7>0,AY7/BV7,0%) -> 0 | BV7: =IF(ISNUMBER(BA7),AY7*(36/(37-(BA7+AZ7))),0) -> 0 | BW7: =SUM(BA7:BJ7)*AY7 -> 0 | BX7: =SUM(BK7:BT7) -> 0 | BY7: =MROUND(SUM(Z7:OFFSET(Z7,0,MIN(AV7,K7)-1)),$H7) -> 0 | BZ7: =MROUND(SUM(BK7:OFFSET(BK7,0,MIN(AV7,K7)-1)),$H7) -> 0 | CA7: =AQ25 -> 0 | CB7: =IF(AND(ISNUMBER(OFFSET(BA7,0,AV7-1)),AT7=I7),IFS(CC7<0,0,BZ7>BY7,1,BZ7<BY7,-0.5,BZ7=BY7,0),0) -> 0 | CC7: =AS25 -> 0 | CD7: =IFS(CC7=-1,-2,CC7=-2,0,CB7>0,1,(CB7+CA7)=-1,-1,CB7=0,0,CB7<0,0) -> 0 | CE7: =AT7 -> Romanian Deadlift [Trainer+] | CG7: =IF(ISNUMBER(CF7),CF7,MIN(MAX(IFS(DN7>0,AV7+1,DN7=0,AV7,DN7<0,AV7),1),$F7)) -> 3 | CI7: =IF(ISNUMBER(CH7),CH7,MIN(MAX(MIN(IFS(DN7>0,AX7*1.025,DN7=0,AX7,DN7<0,BV7*$D7),BV7*$E7),BV7*$D7),$G7)) -> 0 | CJ7: =IF(ISNUMBER(CH7),CH7,MAX(MROUND(CI7,$H7),$H7)) -> 0.5 | CK7: 0 | CV7: {=IF(ISNUMBER(CL7),INDEX('hyper-reps-lookup-table'!$B$2:$AE$31,CL7,CK7+1)*CJ7*(36/(37-(CL7+CK7))),0)} -> 0 | CW7: {=IF(ISNUMBER(CM7),INDEX('hyper-reps-lookup-table'!$B$2:$AE$31,CM7,CK7+1)*CJ7*(36/(37-(CM7+CK7))),0)} -> 0 | CX7: {=IF(ISNUMBER(CN7),INDEX('hyper-reps-lookup-table'!$B$2:$AE$31,CN7,CK7+1)*CJ7*(36/(37-(CN7+CK7))),0)} -> 0 | CY7: {=IF(ISNUMBER(CO7),INDEX('hyper-reps-lookup-table'!$B$2:$AE$31,CO7,CK7+1)*CJ7*(36/(37-(CO7+CK7))),0)} -> 0 | CZ7: {=IF(ISNUMBER(CP7),INDEX('hyper-reps-lookup-table'!$B$2:$AE$31,CP7,CK7+1)*CJ7*(36/(37-(CP7+CK7))),0)} -> 0 | DA7: {=IF(ISNUMBER(CQ7),INDEX('hyper-reps-lookup-table'!$B$2:$AE$31,CQ7,CK7+1)*CJ7*(36/(37-(CQ7+CK7))),0)} -> 0 | DB7: {=IF(ISNUMBER(CR7),INDEX('hyper-reps-lookup-table'!$B$2:$AE$31,CR7,CK7+1)*CJ7*(36/(37-(CR7+CK7))),0)} -> 0 | DC7: {=IF(ISNUMBER(CS7),INDEX('hyper-reps-lookup-table'!$B$2:$AE$31,CS7,CK7+1)*CJ7*(36/(37-(CS7+CK7))),0)} -> 0 | DD7: {=IF(ISNUMBER(CT7),INDEX('hyper-reps-lookup-table'!$B$2:$AE$31,CT7,CK7+1)*CJ7*(36/(37-(CT7+CK7))),0)} -> 0 | DE7: {=IF(ISNUMBER(CU7),INDEX('hyper-reps-lookup-table'!$B$2:$AE$31,CU7,CK7+1)*CJ7*(36/(37-(CU7+CK7))),0)} -> 0 | DF7: =IF(DG7>0,CJ7/DG7,0%) -> 0 | DG7: =IF(ISNUMBER(CL7),CJ7*(36/(37-(CL7+CK7))),0) -> 0 | DH7: =SUM(CL7:CU7)*CJ7 -> 0 | DI7: =SUM(CV7:DE7) -> 0 | DJ7: =MROUND(SUM(BK7:OFFSET(BK7,0,MIN(CG7,AV7)-1)),$H7) -> 0 | DK7: =MROUND(SUM(CV7:OFFSET(CV7,0,MIN(CG7,AV7)-1)),$H7) -> 0 | DL7: =CB25 -> 0 | DM7: =IF(AND(ISNUMBER(OFFSET(CL7,0,CG7-1)),CE7=AT7),IFS(DN7<0,0,DK7>DJ7,1,DK7<DJ7,-0.5,DK7=DJ7,0),0) -> 0 | DN7: =CD25 -> 0 | DO7: =IFS(DN7=-1,-2,DN7=-2,0,DM7>0,1,(DM7+DL7)=-1,-1,DM7=0,0,DM7<0,0) -> 0 | DP7: =CE7 -> Romanian Deadlift [Trainer+] | DR7: =IF(ISNUMBER(DQ7),DQ7,MIN(MAX(IFS(EY7>0,CG7+1,EY7=0,CG7,EY7<0,CG7),1),$F7)) -> 3 | DT7: =IF(ISNUMBER(DS7),DS7,MIN(MAX(MIN(IFS(EY7>0,CI7*1.025,EY7=0,CI7,EY7<0,DG7*$D7),DG7*$E7),DG7*$D7),$G7)) -> 0 | DU7: =IF(ISNUMBER(DS7),DS7,MAX(MROUND(DT7,$H7),$H7)) -> 0.5 | DV7: 0 | EG7: {=IF(ISNUMBER(DW7),INDEX('hyper-reps-lookup-table'!$B$2:$AE$31,DW7,DV7+1)*DU7*(36/(37-(DW7+DV7))),0)} -> 0 | EH7: {=IF(ISNUMBER(DX7),INDEX('hyper-reps-lookup-table'!$B$2:$AE$31,DX7,DV7+1)*DU7*(36/(37-(DX7+DV7))),0)} -> 0 | EI7: {=IF(ISNUMBER(DY7),INDEX('hyper-reps-lookup-table'!$B$2:$AE$31,DY7,DV7+1)*DU7*(36/(37-(DY7+DV7))),0)} -> 0 | EJ7: {=IF(ISNUMBER(DZ7),INDEX('hyper-reps-lookup-table'!$B$2:$AE$31,DZ7,DV7+1)*DU7*(36/(37-(DZ7+DV7))),0)} -> 0 | EK7: {=IF(ISNUMBER(EA7),INDEX('hyper-reps-lookup-table'!$B$2:$AE$31,EA7,DV7+1)*DU7*(36/(37-(EA7+DV7))),0)} -> 0 | EL7: {=IF(ISNUMBER(EB7),INDEX('hyper-reps-lookup-table'!$B$2:$AE$31,EB7,DV7+1)*DU7*(36/(37-(EB7+DV7))),0)} -> 0 | EM7: {=IF(ISNUMBER(EC7),INDEX('hyper-reps-lookup-table'!$B$2:$AE$31,EC7,DV7+1)*DU7*(36/(37-(EC7+DV7))),0)} -> 0 | EN7: {=IF(ISNUMBER(ED7),INDEX('hyper-reps-lookup-table'!$B$2:$AE$31,ED7,DV7+1)*DU7*(36/(37-(ED7+DV7))),0)} -> 0 | EO7: {=IF(ISNUMBER(EE7),INDEX('hyper-reps-lookup-table'!$B$2:$AE$31,EE7,DV7+1)*DU7*(36/(37-(EE7+DV7))),0)} -> 0 | EP7: {=IF(ISNUMBER(EF7),INDEX('hyper-reps-lookup-table'!$B$2:$AE$31,EF7,DV7+1)*DU7*(36/(37-(EF7+DV7))),0)} -> 0 | EQ7: =IF(ER7>0,DU7/ER7,0%) -> 0 | ER7: =IF(ISNUMBER(DW7),DU7*(36/(37-(DW7+DV7))),0) -> 0 | ES7: =SUM(DW7:EF7)*DU7 -> 0 | ET7: =SUM(EG7:EP7) -> 0 | EU7: =MROUND(SUM(CV7:OFFSET(CV7,0,MIN(DR7,CG7)-1)),$H7) -> 0 | EV7: =MROUND(SUM(EG7:OFFSET(EG7,0,MIN(DR7,CG7)-1)),$H7) -> 0 | EW7: =DM25 -> 0 | EX7: =IF(AND(ISNUMBER(OFFSET(DW7,0,DR7-1)),DP7=CE7),IFS(EY7<0,0,EV7>EU7,1,EV7<EU7,-0.5,EV7=EU7,0),0) -> 0 | EY7: =DO25 -> 0 | EZ7: =IFS(EY7=-1,-2,EY7=-2,0,EX7>0,1,(EX7+EW7)=-1,-1,EX7=0,0,EX7<0,0) -> 0
B8: Single Leg Extension (RPT) [Unica] | C8: 100 | D8: 0.75 | E8: 0.8 | F8: 3 | G8: 90 | H8: 2.5 | I8: =$B8 -> Single Leg Extension (RPT) [Unica] | J8: =MAX(ROUND($F8*25%,0),1) -> 1 | K8: =IF(ISNUMBER(J8),J8,MAX(ROUND($F8,0),1)) -> 1 | M8: =IF(ISNUMBER(L8),L8,MIN(MAX(MROUND(C8*$D8,$H8),$H8),$G8)) -> 75 | N8: =M8 -> 75 | O8: 0 | Z8: {=IF(ISNUMBER(P8),INDEX('hyper-reps-lookup-table'!$B$2:$AE$31,P8,O8+1)*N8*(36/(37-(P8+O8))),0)} -> 0 | AA8: {=IF(ISNUMBER(Q8),INDEX('hyper-reps-lookup-table'!$B$2:$AE$31,Q8,O8+1)*N8*(36/(37-(Q8+O8))),0)} -> 0 | AB8: {=IF(ISNUMBER(R8),INDEX('hyper-reps-lookup-table'!$B$2:$AE$31,R8,O8+1)*N8*(36/(37-(R8+O8))),0)} -> 0 | AC8: {=IF(ISNUMBER(S8),INDEX('hyper-reps-lookup-table'!$B$2:$AE$31,S8,O8+1)*N8*(36/(37-(S8+O8))),0)} -> 0 | AD8: {=IF(ISNUMBER(T8),INDEX('hyper-reps-lookup-table'!$B$2:$AE$31,T8,O8+1)*N8*(36/(37-(T8+O8))),0)} -> 0 | AE8: {=IF(ISNUMBER(U8),INDEX('hyper-reps-lookup-table'!$B$2:$AE$31,U8,O8+1)*N8*(36/(37-(U8+O8))),0)} -> 0 | AF8: {=IF(ISNUMBER(V8),INDEX('hyper-reps-lookup-table'!$B$2:$AE$31,V8,O8+1)*N8*(36/(37-(V8+O8))),0)} -> 0 | AG8: {=IF(ISNUMBER(W8),INDEX('hyper-reps-lookup-table'!$B$2:$AE$31,W8,O8+1)*N8*(36/(37-(W8+O8))),0)} -> 0 | AH8: {=IF(ISNUMBER(X8),INDEX('hyper-reps-lookup-table'!$B$2:$AE$31,X8,O8+1)*N8*(36/(37-(X8+O8))),0)} -> 0 | AI8: {=IF(ISNUMBER(Y8),INDEX('hyper-reps-lookup-table'!$B$2:$AE$31,Y8,O8+1)*N8*(36/(37-(Y8+O8))),0)} -> 0 | AJ8: =IF(AK8>0,N8/AK8,0%) -> 0 | AK8: =IF(ISNUMBER(P8),N8*(36/(37-(P8+O8))),0) -> 0 | AL8: =SUM(P8:Y8)*N8 -> 0 | AM8: =SUM(Z8:AI8) -> 0 | AN8: 0 | AO8: 0 | AP8: 0 | AQ8: 0 | AR8: 0 | AS8: 0 | AT8: =I8 -> Single Leg Extension (RPT) [Unica] | AU8: =MAX(ROUND($F8,0),1) -> 3 | AV8: =IF(ISNUMBER(AU8),AU8,MIN(MAX(IFS(CC8>0,K8+1,CC8=0,K8,CC8<0,K8),1),$F8)) -> 3 | AX8: =IF(ISNUMBER(AW8),AW8,MIN(MAX(MIN(IFS(CC8>0,M8*1.025,CC8=0,M8,CC8<0,AK8*$D8),AK8*$E8),AK8*$D8),$G8)) -> 0 | AY8: =IF(ISNUMBER(AW8),AW8,MAX(MROUND(AX8,$H8),$H8)) -> 2.5 | AZ8: 0 | BK8: {=IF(ISNUMBER(BA8),INDEX('hyper-reps-lookup-table'!$B$2:$AE$31,BA8,AZ8+1)*AY8*(36/(37-(BA8+AZ8))),0)} -> 0 | BL8: {=IF(ISNUMBER(BB8),INDEX('hyper-reps-lookup-table'!$B$2:$AE$31,BB8,AZ8+1)*AY8*(36/(37-(BB8+AZ8))),0)} -> 0 | BM8: {=IF(ISNUMBER(BC8),INDEX('hyper-reps-lookup-table'!$B$2:$AE$31,BC8,AZ8+1)*AY8*(36/(37-(BC8+AZ8))),0)} -> 0 | BN8: {=IF(ISNUMBER(BD8),INDEX('hyper-reps-lookup-table'!$B$2:$AE$31,BD8,AZ8+1)*AY8*(36/(37-(BD8+AZ8))),0)} -> 0 | BO8: {=IF(ISNUMBER(BE8),INDEX('hyper-reps-lookup-table'!$B$2:$AE$31,BE8,AZ8+1)*AY8*(36/(37-(BE8+AZ8))),0)} -> 0 | BP8: {=IF(ISNUMBER(BF8),INDEX('hyper-reps-lookup-table'!$B$2:$AE$31,BF8,AZ8+1)*AY8*(36/(37-(BF8+AZ8))),0)} -> 0 | BQ8: {=IF(ISNUMBER(BG8),INDEX('hyper-reps-lookup-table'!$B$2:$AE$31,BG8,AZ8+1)*AY8*(36/(37-(BG8+AZ8))),0)} -> 0 | BR8: {=IF(ISNUMBER(BH8),INDEX('hyper-reps-lookup-table'!$B$2:$AE$31,BH8,AZ8+1)*AY8*(36/(37-(BH8+AZ8))),0)} -> 0 | BS8: {=IF(ISNUMBER(BI8),INDEX('hyper-reps-lookup-table'!$B$2:$AE$31,BI8,AZ8+1)*AY8*(36/(37-(BI8+AZ8))),0)} -> 0 | BT8: {=IF(ISNUMBER(BJ8),INDEX('hyper-reps-lookup-table'!$B$2:$AE$31,BJ8,AZ8+1)*AY8*(36/(37-(BJ8+AZ8))),0)} -> 0 | BU8: =IF(BV8>0,AY8/BV8,0%) -> 0 | BV8: =IF(ISNUMBER(BA8),AY8*(36/(37-(BA8+AZ8))),0) -> 0 | BW8: =SUM(BA8:BJ8)*AY8 -> 0 | BX8: =SUM(BK8:BT8) -> 0 | BY8: =MROUND(SUM(Z8:OFFSET(Z8,0,MIN(AV8,K8)-1)),$H8) -> 0 | BZ8: =MROUND(SUM(BK8:OFFSET(BK8,0,MIN(AV8,K8)-1)),$H8) -> 0 | CA8: =AQ26 -> 0 | CB8: =IF(AND(ISNUMBER(OFFSET(BA8,0,AV8-1)),AT8=I8),IFS(CC8<0,0,BZ8>BY8,1,BZ8<BY8,-0.5,BZ8=BY8,0),0) -> 0 | CC8: =AS26 -> 0 | CD8: =IFS(CC8=-1,-2,CC8=-2,0,CB8>0,1,(CB8+CA8)=-1,-1,CB8=0,0,CB8<0,0) -> 0 | CE8: =AT8 -> Single Leg Extension (RPT) [Unica] | CG8: =IF(ISNUMBER(CF8),CF8,MIN(MAX(IFS(DN8>0,AV8+1,DN8=0,AV8,DN8<0,AV8),1),$F8)) -> 3 | CI8: =IF(ISNUMBER(CH8),CH8,MIN(MAX(MIN(IFS(DN8>0,AX8*1.025,DN8=0,AX8,DN8<0,BV8*$D8),BV8*$E8),BV8*$D8),$G8)) -> 0 | CJ8: =IF(ISNUMBER(CH8),CH8,MAX(MROUND(CI8,$H8),$H8)) -> 2.5 | CK8: 0 | CV8: {=IF(ISNUMBER(CL8),INDEX('hyper-reps-lookup-table'!$B$2:$AE$31,CL8,CK8+1)*CJ8*(36/(37-(CL8+CK8))),0)} -> 0 | CW8: {=IF(ISNUMBER(CM8),INDEX('hyper-reps-lookup-table'!$B$2:$AE$31,CM8,CK8+1)*CJ8*(36/(37-(CM8+CK8))),0)} -> 0 | CX8: {=IF(ISNUMBER(CN8),INDEX('hyper-reps-lookup-table'!$B$2:$AE$31,CN8,CK8+1)*CJ8*(36/(37-(CN8+CK8))),0)} -> 0 | CY8: {=IF(ISNUMBER(CO8),INDEX('hyper-reps-lookup-table'!$B$2:$AE$31,CO8,CK8+1)*CJ8*(36/(37-(CO8+CK8))),0)} -> 0 | CZ8: {=IF(ISNUMBER(CP8),INDEX('hyper-reps-lookup-table'!$B$2:$AE$31,CP8,CK8+1)*CJ8*(36/(37-(CP8+CK8))),0)} -> 0 | DA8: {=IF(ISNUMBER(CQ8),INDEX('hyper-reps-lookup-table'!$B$2:$AE$31,CQ8,CK8+1)*CJ8*(36/(37-(CQ8+CK8))),0)} -> 0 | DB8: {=IF(ISNUMBER(CR8),INDEX('hyper-reps-lookup-table'!$B$2:$AE$31,CR8,CK8+1)*CJ8*(36/(37-(CR8+CK8))),0)} -> 0 | DC8: {=IF(ISNUMBER(CS8),INDEX('hyper-reps-lookup-table'!$B$2:$AE$31,CS8,CK8+1)*CJ8*(36/(37-(CS8+CK8))),0)} -> 0 | DD8: {=IF(ISNUMBER(CT8),INDEX('hyper-reps-lookup-table'!$B$2:$AE$31,CT8,CK8+1)*CJ8*(36/(37-(CT8+CK8))),0)} -> 0 | DE8: {=IF(ISNUMBER(CU8),INDEX('hyper-reps-lookup-table'!$B$2:$AE$31,CU8,CK8+1)*CJ8*(36/(37-(CU8+CK8))),0)} -> 0 | DF8: =IF(DG8>0,CJ8/DG8,0%) -> 0 | DG8: =IF(ISNUMBER(CL8),CJ8*(36/(37-(CL8+CK8))),0) -> 0 | DH8: =SUM(CL8:CU8)*CJ8 -> 0 | DI8: =SUM(CV8:DE8) -> 0 | DJ8: =MROUND(SUM(BK8:OFFSET(BK8,0,MIN(CG8,AV8)-1)),$H8) -> 0 | DK8: =MROUND(SUM(CV8:OFFSET(CV8,0,MIN(CG8,AV8)-1)),$H8) -> 0 | DL8: =CB26 -> 0 | DM8: =IF(AND(ISNUMBER(OFFSET(CL8,0,CG8-1)),CE8=AT8),IFS(DN8<0,0,DK8>DJ8,1,DK8<DJ8,-0.5,DK8=DJ8,0),0) -> 0 | DN8: =CD26 -> 0 | DO8: =IFS(DN8=-1,-2,DN8=-2,0,DM8>0,1,(DM8+DL8)=-1,-1,DM8=0,0,DM8<0,0) -> 0 | DP8: =CE8 -> Single Leg Extension (RPT) [Unica] | DR8: =IF(ISNUMBER(DQ8),DQ8,MIN(MAX(IFS(EY8>0,CG8+1,EY8=0,CG8,EY8<0,CG8),1),$F8)) -> 3 | DT8: =IF(ISNUMBER(DS8),DS8,MIN(MAX(MIN(IFS(EY8>0,CI8*1.025,EY8=0,CI8,EY8<0,DG8*$D8),DG8*$E8),DG8*$D8),$G8)) -> 0 | DU8: =IF(ISNUMBER(DS8),DS8,MAX(MROUND(DT8,$H8),$H8)) -> 2.5 | DV8: 0 | EG8: {=IF(ISNUMBER(DW8),INDEX('hyper-reps-lookup-table'!$B$2:$AE$31,DW8,DV8+1)*DU8*(36/(37-(DW8+DV8))),0)} -> 0 | EH8: {=IF(ISNUMBER(DX8),INDEX('hyper-reps-lookup-table'!$B$2:$AE$31,DX8,DV8+1)*DU8*(36/(37-(DX8+DV8))),0)} -> 0 | EI8: {=IF(ISNUMBER(DY8),INDEX('hyper-reps-lookup-table'!$B$2:$AE$31,DY8,DV8+1)*DU8*(36/(37-(DY8+DV8))),0)} -> 0 | EJ8: {=IF(ISNUMBER(DZ8),INDEX('hyper-reps-lookup-table'!$B$2:$AE$31,DZ8,DV8+1)*DU8*(36/(37-(DZ8+DV8))),0)} -> 0 | EK8: {=IF(ISNUMBER(EA8),INDEX('hyper-reps-lookup-table'!$B$2:$AE$31,EA8,DV8+1)*DU8*(36/(37-(EA8+DV8))),0)} -> 0 | EL8: {=IF(ISNUMBER(EB8),INDEX('hyper-reps-lookup-table'!$B$2:$AE$31,EB8,DV8+1)*DU8*(36/(37-(EB8+DV8))),0)} -> 0 | EM8: {=IF(ISNUMBER(EC8),INDEX('hyper-reps-lookup-table'!$B$2:$AE$31,EC8,DV8+1)*DU8*(36/(37-(EC8+DV8))),0)} -> 0 | EN8: {=IF(ISNUMBER(ED8),INDEX('hyper-reps-lookup-table'!$B$2:$AE$31,ED8,DV8+1)*DU8*(36/(37-(ED8+DV8))),0)} -> 0 | EO8: {=IF(ISNUMBER(EE8),INDEX('hyper-reps-lookup-table'!$B$2:$AE$31,EE8,DV8+1)*DU8*(36/(37-(EE8+DV8))),0)} -> 0 | EP8: {=IF(ISNUMBER(EF8),INDEX('hyper-reps-lookup-table'!$B$2:$AE$31,EF8,DV8+1)*DU8*(36/(37-(EF8+DV8))),0)} -> 0 | EQ8: =IF(ER8>0,DU8/ER8,0%) -> 0 | ER8: =IF(ISNUMBER(DW8),DU8*(36/(37-(DW8+DV8))),0) -> 0 | ES8: =SUM(DW8:EF8)*DU8 -> 0 | ET8: =SUM(EG8:EP8) -> 0 | EU8: =MROUND(SUM(CV8:OFFSET(CV8,0,MIN(DR8,CG8)-1)),$H8) -> 0 | EV8: =MROUND(SUM(EG8:OFFSET(EG8,0,MIN(DR8,CG8)-1)),$H8) -> 0 | EW8: =DM26 -> 0 | EX8: =IF(AND(ISNUMBER(OFFSET(DW8,0,DR8-1)),DP8=CE8),IFS(EY8<0,0,EV8>EU8,1,EV8<EU8,-0.5,EV8=EU8,0),0) -> 0 | EY8: =DO26 -> 0 | EZ8: =IFS(EY8=-1,-2,EY8=-2,0,EX8>0,1,(EX8+EW8)=-1,-1,EX8=0,0,EX8<0,0) -> 0
B9: Single Leg Curl (RPT) [Unica] | C9: 100 | D9: 0.75 | E9: 0.8 | F9: 3 | G9: 90 | H9: 2.5 | I9: =$B9 -> Single Leg Curl (RPT) [Unica] | J9: =MAX(ROUND($F9*25%,0),1) -> 1 | K9: =IF(ISNUMBER(J9),J9,MAX(ROUND($F9,0),1)) -> 1 | M9: =IF(ISNUMBER(L9),L9,MIN(MAX(MROUND(C9*$D9,$H9),$H9),$G9)) -> 75 | N9: =M9 -> 75 | O9: 0 | Z9: {=IF(ISNUMBER(P9),INDEX('hyper-reps-lookup-table'!$B$2:$AE$31,P9,O9+1)*N9*(36/(37-(P9+O9))),0)} -> 0 | AA9: {=IF(ISNUMBER(Q9),INDEX('hyper-reps-lookup-table'!$B$2:$AE$31,Q9,O9+1)*N9*(36/(37-(Q9+O9))),0)} -> 0 | AB9: {=IF(ISNUMBER(R9),INDEX('hyper-reps-lookup-table'!$B$2:$AE$31,R9,O9+1)*N9*(36/(37-(R9+O9))),0)} -> 0 | AC9: {=IF(ISNUMBER(S9),INDEX('hyper-reps-lookup-table'!$B$2:$AE$31,S9,O9+1)*N9*(36/(37-(S9+O9))),0)} -> 0 | AD9: {=IF(ISNUMBER(T9),INDEX('hyper-reps-lookup-table'!$B$2:$AE$31,T9,O9+1)*N9*(36/(37-(T9+O9))),0)} -> 0 | AE9: {=IF(ISNUMBER(U9),INDEX('hyper-reps-lookup-table'!$B$2:$AE$31,U9,O9+1)*N9*(36/(37-(U9+O9))),0)} -> 0 | AF9: {=IF(ISNUMBER(V9),INDEX('hyper-reps-lookup-table'!$B$2:$AE$31,V9,O9+1)*N9*(36/(37-(V9+O9))),0)} -> 0 | AG9: {=IF(ISNUMBER(W9),INDEX('hyper-reps-lookup-table'!$B$2:$AE$31,W9,O9+1)*N9*(36/(37-(W9+O9))),0)} -> 0 | AH9: {=IF(ISNUMBER(X9),INDEX('hyper-reps-lookup-table'!$B$2:$AE$31,X9,O9+1)*N9*(36/(37-(X9+O9))),0)} -> 0 | AI9: {=IF(ISNUMBER(Y9),INDEX('hyper-reps-lookup-table'!$B$2:$AE$31,Y9,O9+1)*N9*(36/(37-(Y9+O9))),0)} -> 0 | AJ9: =IF(AK9>0,N9/AK9,0%) -> 0 | AK9: =IF(ISNUMBER(P9),N9*(36/(37-(P9+O9))),0) -> 0 | AL9: =SUM(P9:Y9)*N9 -> 0 | AM9: =SUM(Z9:AI9) -> 0 | AN9: 0 | AO9: 0 | AP9: 0 | AQ9: 0 | AR9: 0 | AS9: 0 | AT9: =I9 -> Single Leg Curl (RPT) [Unica] | AU9: =MAX(ROUND($F9,0),1) -> 3 | AV9: =IF(ISNUMBER(AU9),AU9,MIN(MAX(IFS(CC9>0,K9+1,CC9=0,K9,CC9<0,K9),1),$F9)) -> 3 | AX9: =IF(ISNUMBER(AW9),AW9,MIN(MAX(MIN(IFS(CC9>0,M9*1.025,CC9=0,M9,CC9<0,AK9*$D9),AK9*$E9),AK9*$D9),$G9)) -> 0 | AY9: =IF(ISNUMBER(AW9),AW9,MAX(MROUND(AX9,$H9),$H9)) -> 2.5 | AZ9: 0 | BK9: {=IF(ISNUMBER(BA9),INDEX('hyper-reps-lookup-table'!$B$2:$AE$31,BA9,AZ9+1)*AY9*(36/(37-(BA9+AZ9))),0)} -> 0 | BL9: {=IF(ISNUMBER(BB9),INDEX('hyper-reps-lookup-table'!$B$2:$AE$31,BB9,AZ9+1)*AY9*(36/(37-(BB9+AZ9))),0)} -> 0 | BM9: {=IF(ISNUMBER(BC9),INDEX('hyper-reps-lookup-table'!$B$2:$AE$31,BC9,AZ9+1)*AY9*(36/(37-(BC9+AZ9))),0)} -> 0 | BN9: {=IF(ISNUMBER(BD9),INDEX('hyper-reps-lookup-table'!$B$2:$AE$31,BD9,AZ9+1)*AY9*(36/(37-(BD9+AZ9))),0)} -> 0 | BO9: {=IF(ISNUMBER(BE9),INDEX('hyper-reps-lookup-table'!$B$2:$AE$31,BE9,AZ9+1)*AY9*(36/(37-(BE9+AZ9))),0)} -> 0 | BP9: {=IF(ISNUMBER(BF9),INDEX('hyper-reps-lookup-table'!$B$2:$AE$31,BF9,AZ9+1)*AY9*(36/(37-(BF9+AZ9))),0)} -> 0 | BQ9: {=IF(ISNUMBER(BG9),INDEX('hyper-reps-lookup-table'!$B$2:$AE$31,BG9,AZ9+1)*AY9*(36/(37-(BG9+AZ9))),0)} -> 0 | BR9: {=IF(ISNUMBER(BH9),INDEX('hyper-reps-lookup-table'!$B$2:$AE$31,BH9,AZ9+1)*AY9*(36/(37-(BH9+AZ9))),0)} -> 0 | BS9: {=IF(ISNUMBER(BI9),INDEX('hyper-reps-lookup-table'!$B$2:$AE$31,BI9,AZ9+1)*AY9*(36/(37-(BI9+AZ9))),0)} -> 0 | BT9: {=IF(ISNUMBER(BJ9),INDEX('hyper-reps-lookup-table'!$B$2:$AE$31,BJ9,AZ9+1)*AY9*(36/(37-(BJ9+AZ9))),0)} -> 0 | BU9: =IF(BV9>0,AY9/BV9,0%) -> 0 | BV9: =IF(ISNUMBER(BA9),AY9*(36/(37-(BA9+AZ9))),0) -> 0 | BW9: =SUM(BA9:BJ9)*AY9 -> 0 | BX9: =SUM(BK9:BT9) -> 0 | BY9: =MROUND(SUM(Z9:OFFSET(Z9,0,MIN(AV9,K9)-1)),$H9) -> 0 | BZ9: =MROUND(SUM(BK9:OFFSET(BK9,0,MIN(AV9,K9)-1)),$H9) -> 0 | CA9: =AQ27 -> 0 | CB9: =IF(AND(ISNUMBER(OFFSET(BA9,0,AV9-1)),AT9=I9),IFS(CC9<0,0,BZ9>BY9,1,BZ9<BY9,-0.5,BZ9=BY9,0),0) -> 0 | CC9: =AS27 -> 0 | CD9: =IFS(CC9=-1,-2,CC9=-2,0,CB9>0,1,(CB9+CA9)=-1,-1,CB9=0,0,CB9<0,0) -> 0 | CE9: =AT9 -> Single Leg Curl (RPT) [Unica] | CG9: =IF(ISNUMBER(CF9),CF9,MIN(MAX(IFS(DN9>0,AV9+1,DN9=0,AV9,DN9<0,AV9),1),$F9)) -> 3 | CI9: =IF(ISNUMBER(CH9),CH9,MIN(MAX(MIN(IFS(DN9>0,AX9*1.025,DN9=0,AX9,DN9<0,BV9*$D9),BV9*$E9),BV9*$D9),$G9)) -> 0 | CJ9: =IF(ISNUMBER(CH9),CH9,MAX(MROUND(CI9,$H9),$H9)) -> 2.5 | CK9: 0 | CV9: {=IF(ISNUMBER(CL9),INDEX('hyper-reps-lookup-table'!$B$2:$AE$31,CL9,CK9+1)*CJ9*(36/(37-(CL9+CK9))),0)} -> 0 | CW9: {=IF(ISNUMBER(CM9),INDEX('hyper-reps-lookup-table'!$B$2:$AE$31,CM9,CK9+1)*CJ9*(36/(37-(CM9+CK9))),0)} -> 0 | CX9: {=IF(ISNUMBER(CN9),INDEX('hyper-reps-lookup-table'!$B$2:$AE$31,CN9,CK9+1)*CJ9*(36/(37-(CN9+CK9))),0)} -> 0 | CY9: {=IF(ISNUMBER(CO9),INDEX('hyper-reps-lookup-table'!$B$2:$AE$31,CO9,CK9+1)*CJ9*(36/(37-(CO9+CK9))),0)} -> 0 | CZ9: {=IF(ISNUMBER(CP9),INDEX('hyper-reps-lookup-table'!$B$2:$AE$31,CP9,CK9+1)*CJ9*(36/(37-(CP9+CK9))),0)} -> 0 | DA9: {=IF(ISNUMBER(CQ9),INDEX('hyper-reps-lookup-table'!$B$2:$AE$31,CQ9,CK9+1)*CJ9*(36/(37-(CQ9+CK9))),0)} -> 0 | DB9: {=IF(ISNUMBER(CR9),INDEX('hyper-reps-lookup-table'!$B$2:$AE$31,CR9,CK9+1)*CJ9*(36/(37-(CR9+CK9))),0)} -> 0 | DC9: {=IF(ISNUMBER(CS9),INDEX('hyper-reps-lookup-table'!$B$2:$AE$31,CS9,CK9+1)*CJ9*(36/(37-(CS9+CK9))),0)} -> 0 | DD9: {=IF(ISNUMBER(CT9),INDEX('hyper-reps-lookup-table'!$B$2:$AE$31,CT9,CK9+1)*CJ9*(36/(37-(CT9+CK9))),0)} -> 0 | DE9: {=IF(ISNUMBER(CU9),INDEX('hyper-reps-lookup-table'!$B$2:$AE$31,CU9,CK9+1)*CJ9*(36/(37-(CU9+CK9))),0)} -> 0 | DF9: =IF(DG9>0,CJ9/DG9,0%) -> 0 | DG9: =IF(ISNUMBER(CL9),CJ9*(36/(37-(CL9+CK9))),0) -> 0 | DH9: =SUM(CL9:CU9)*CJ9 -> 0 | DI9: =SUM(CV9:DE9) -> 0 | DJ9: =MROUND(SUM(BK9:OFFSET(BK9,0,MIN(CG9,AV9)-1)),$H9) -> 0 | DK9: =MROUND(SUM(CV9:OFFSET(CV9,0,MIN(CG9,AV9)-1)),$H9) -> 0 | DL9: =CB27 -> 0 | DM9: =IF(AND(ISNUMBER(OFFSET(CL9,0,CG9-1)),CE9=AT9),IFS(DN9<0,0,DK9>DJ9,1,DK9<DJ9,-0.5,DK9=DJ9,0),0) -> 0 | DN9: =CD27 -> 0 | DO9: =IFS(DN9=-1,-2,DN9=-2,0,DM9>0,1,(DM9+DL9)=-1,-1,DM9=0,0,DM9<0,0) -> 0 | DP9: =CE9 -> Single Leg Curl (RPT) [Unica] | DR9: =IF(ISNUMBER(DQ9),DQ9,MIN(MAX(IFS(EY9>0,CG9+1,EY9=0,CG9,EY9<0,CG9),1),$F9)) -> 3 | DT9: =IF(ISNUMBER(DS9),DS9,MIN(MAX(MIN(IFS(EY9>0,CI9*1.025,EY9=0,CI9,EY9<0,DG9*$D9),DG9*$E9),DG9*$D9),$G9)) -> 0 | DU9: =IF(ISNUMBER(DS9),DS9,MAX(MROUND(DT9,$H9),$H9)) -> 2.5 | DV9: 0 | EG9: {=IF(ISNUMBER(DW9),INDEX('hyper-reps-lookup-table'!$B$2:$AE$31,DW9,DV9+1)*DU9*(36/(37-(DW9+DV9))),0)} -> 0 | EH9: {=IF(ISNUMBER(DX9),INDEX('hyper-reps-lookup-table'!$B$2:$AE$31,DX9,DV9+1)*DU9*(36/(37-(DX9+DV9))),0)} -> 0 | EI9: {=IF(ISNUMBER(DY9),INDEX('hyper-reps-lookup-table'!$B$2:$AE$31,DY9,DV9+1)*DU9*(36/(37-(DY9+DV9))),0)} -> 0 | EJ9: {=IF(ISNUMBER(DZ9),INDEX('hyper-reps-lookup-table'!$B$2:$AE$31,DZ9,DV9+1)*DU9*(36/(37-(DZ9+DV9))),0)} -> 0 | EK9: {=IF(ISNUMBER(EA9),INDEX('hyper-reps-lookup-table'!$B$2:$AE$31,EA9,DV9+1)*DU9*(36/(37-(EA9+DV9))),0)} -> 0 | EL9: {=IF(ISNUMBER(EB9),INDEX('hyper-reps-lookup-table'!$B$2:$AE$31,EB9,DV9+1)*DU9*(36/(37-(EB9+DV9))),0)} -> 0 | EM9: {=IF(ISNUMBER(EC9),INDEX('hyper-reps-lookup-table'!$B$2:$AE$31,EC9,DV9+1)*DU9*(36/(37-(EC9+DV9))),0)} -> 0 | EN9: {=IF(ISNUMBER(ED9),INDEX('hyper-reps-lookup-table'!$B$2:$AE$31,ED9,DV9+1)*DU9*(36/(37-(ED9+DV9))),0)} -> 0 | EO9: {=IF(ISNUMBER(EE9),INDEX('hyper-reps-lookup-table'!$B$2:$AE$31,EE9,DV9+1)*DU9*(36/(37-(EE9+DV9))),0)} -> 0 | EP9: {=IF(ISNUMBER(EF9),INDEX('hyper-reps-lookup-table'!$B$2:$AE$31,EF9,DV9+1)*DU9*(36/(37-(EF9+DV9))),0)} -> 0 | EQ9: =IF(ER9>0,DU9/ER9,0%) -> 0 | ER9: =IF(ISNUMBER(DW9),DU9*(36/(37-(DW9+DV9))),0) -> 0 | ES9: =SUM(DW9:EF9)*DU9 -> 0 | ET9: =SUM(EG9:EP9) -> 0 | EU9: =MROUND(SUM(CV9:OFFSET(CV9,0,MIN(DR9,CG9)-1)),$H9) -> 0 | EV9: =MROUND(SUM(EG9:OFFSET(EG9,0,MIN(DR9,CG9)-1)),$H9) -> 0 | EW9: =DM27 -> 0 | EX9: =IF(AND(ISNUMBER(OFFSET(DW9,0,DR9-1)),DP9=CE9),IFS(EY9<0,0,EV9>EU9,1,EV9<EU9,-0.5,EV9=EU9,0),0) -> 0 | EY9: =DO27 -> 0 | EZ9: =IFS(EY9=-1,-2,EY9=-2,0,EX9>0,1,(EX9+EW9)=-1,-1,EX9=0,0,EX9<0,0) -> 0
I10: =I3 -> Week 1 | AT10: =AT3 -> Week 2 | CE10: =CE3 -> Week 3 | DP10: =DP3 -> Week 4
I11: Exercise | J11: Sets Ovr | K11: Sets | L11: Wt Ovr | M11: Est Wt | N11: Weight | O11: RIR | P11: Rep Results | Z11: HVL | AJ11: % e1RM | AK11: e1RM | AL11: VL | AM11: HVL | AN11: cHVL-1 | AO11: cHVL | AP11: Score-1 | AQ11: Score | AR11: Rating-1 | AS11: Rating | AT11: Exercise | AU11: Sets Ovr | AV11: Sets | AW11: Wt Ovr | AX11: Est Wt | AY11: Weight | AZ11: RIR | BA11: Rep Results | BK11: HVL | BU11: % e1RM | BV11: e1RM | BW11: VL | BX11: HVL | BY11: cHVL-1 | BZ11: cHVL | CA11: Score-1 | CB11: Score | CC11: Rating-1 | CD11: Rating | CE11: Exercise | CF11: Sets Ovr | CG11: Sets | CH11: Wt Ovr | CI11: Est Wt | CJ11: Weight | CK11: RIR | CL11: Rep Results | CV11: HVL | DF11: % e1RM | DG11: e1RM | DH11: VL | DI11: HVL | DJ11: cHVL-1 | DK11: cHVL | DL11: Score-1 | DM11: Score | DN11: Rating-1 | DO11: Rating | DP11: Exercise | DQ11: Sets Ovr | DR11: Sets | DS11: Wt Ovr | DT11: Est Wt | DU11: Weight | DV11: RIR | DW11: Rep Results | EG11: HVL | EQ11: % e1RM | ER11: e1RM | ES11: VL | ET11: HVL | EU11: cHVL-1 | EV11: cHVL | EW11: Score-1 | EX11: Score | EY11: Rating-1 | EZ11: Rating
B12: Workout | C12: 1RM | D12: MIN (1RM) | E12: MAX (1RM) | F12: MAX (Sets) | G12: MAX (Weight) | H12: Multiple | I12: Day 2: | AT12: Day 2: | CE12: Day 2: | DP12: Day 2:
B13: Bench Press [Trainer+] | C13: 100 | D13: 0.8 | E13: 0.85 | F13: 3 | G13: 180 | H13: 0.5 | I13: =$B13 -> Bench Press [Trainer+] | J13: =MAX(ROUND($F13*25%,0),1) -> 1 | K13: =IF(ISNUMBER(J13),J13,MAX(ROUND($F13,0),1)) -> 1 | M13: =IF(ISNUMBER(L13),L13,MIN(MAX(MROUND(C13*$D13,$H13),$H13),$G13)) -> 80 | N13: =M13 -> 80 | O13: 0 | Z13: {=IF(ISNUMBER(P13),INDEX('hyper-reps-lookup-table'!$B$2:$AE$31,P13,O13+1)*N13*(36/(37-(P13+O13))),0)} -> 0 | AA13: {=IF(ISNUMBER(Q13),INDEX('hyper-reps-lookup-table'!$B$2:$AE$31,Q13,O13+1)*N13*(36/(37-(Q13+O13))),0)} -> 0 | AB13: {=IF(ISNUMBER(R13),INDEX('hyper-reps-lookup-table'!$B$2:$AE$31,R13,O13+1)*N13*(36/(37-(R13+O13))),0)} -> 0 | AC13: {=IF(ISNUMBER(S13),INDEX('hyper-reps-lookup-table'!$B$2:$AE$31,S13,O13+1)*N13*(36/(37-(S13+O13))),0)} -> 0 | AD13: {=IF(ISNUMBER(T13),INDEX('hyper-reps-lookup-table'!$B$2:$AE$31,T13,O13+1)*N13*(36/(37-(T13+O13))),0)} -> 0 | AE13: {=IF(ISNUMBER(U13),INDEX('hyper-reps-lookup-table'!$B$2:$AE$31,U13,O13+1)*N13*(36/(37-(U13+O13))),0)} -> 0 | AF13: {=IF(ISNUMBER(V13),INDEX('hyper-reps-lookup-table'!$B$2:$AE$31,V13,O13+1)*N13*(36/(37-(V13+O13))),0)} -> 0 | AG13: {=IF(ISNUMBER(W13),INDEX('hyper-reps-lookup-table'!$B$2:$AE$31,W13,O13+1)*N13*(36/(37-(W13+O13))),0)} -> 0 | AH13: {=IF(ISNUMBER(X13),INDEX('hyper-reps-lookup-table'!$B$2:$AE$31,X13,O13+1)*N13*(36/(37-(X13+O13))),0)} -> 0 | AI13: {=IF(ISNUMBER(Y13),INDEX('hyper-reps-lookup-table'!$B$2:$AE$31,Y13,O13+1)*N13*(36/(37-(Y13+O13))),0)} -> 0 | AJ13: =IF(AK13>0,N13/AK13,0%) -> 0 | AK13: =IF(ISNUMBER(P13),N13*(36/(37-(P13+O13))),0) -> 0 | AL13: =SUM(P13:Y13)*N13 -> 0 | AM13: =SUM(Z13:AI13) -> 0 | AN13: 0 | AO13: 0 | AP13: 0 | AQ13: 0 | AR13: 0 | AS13: 0 | AT13: =I13 -> Bench Press [Trainer+] | AU13: =MAX(ROUND($F13,0),1) -> 3 | AV13: =IF(ISNUMBER(AU13),AU13,MIN(MAX(IFS(CC13>0,K13+1,CC13=0,K13,CC13<0,K13),1),$F13)) -> 3 | AX13: =IF(ISNUMBER(AW13),AW13,MIN(MAX(MIN(IFS(CC13>0,M13*1.025,CC13=0,M13,CC13<0,AK13*$D13),AK13*$E13),AK13*$D13),$G13)) -> 0 | AY13: =IF(ISNUMBER(AW13),AW13,MAX(MROUND(AX13,$H13),$H13)) -> 0.5 | AZ13: 0 | BK13: {=IF(ISNUMBER(BA13),INDEX('hyper-reps-lookup-table'!$B$2:$AE$31,BA13,AZ13+1)*AY13*(36/(37-(BA13+AZ13))),0)} -> 0 | BL13: {=IF(ISNUMBER(BB13),INDEX('hyper-reps-lookup-table'!$B$2:$AE$31,BB13,AZ13+1)*AY13*(36/(37-(BB13+AZ13))),0)} -> 0 | BM13: {=IF(ISNUMBER(BC13),INDEX('hyper-reps-lookup-table'!$B$2:$AE$31,BC13,AZ13+1)*AY13*(36/(37-(BC13+AZ13))),0)} -> 0 | BN13: {=IF(ISNUMBER(BD13),INDEX('hyper-reps-lookup-table'!$B$2:$AE$31,BD13,AZ13+1)*AY13*(36/(37-(BD13+AZ13))),0)} -> 0 | BO13: {=IF(ISNUMBER(BE13),INDEX('hyper-reps-lookup-table'!$B$2:$AE$31,BE13,AZ13+1)*AY13*(36/(37-(BE13+AZ13))),0)} -> 0 | BP13: {=IF(ISNUMBER(BF13),INDEX('hyper-reps-lookup-table'!$B$2:$AE$31,BF13,AZ13+1)*AY13*(36/(37-(BF13+AZ13))),0)} -> 0 | BQ13: {=IF(ISNUMBER(BG13),INDEX('hyper-reps-lookup-table'!$B$2:$AE$31,BG13,AZ13+1)*AY13*(36/(37-(BG13+AZ13))),0)} -> 0 | BR13: {=IF(ISNUMBER(BH13),INDEX('hyper-reps-lookup-table'!$B$2:$AE$31,BH13,AZ13+1)*AY13*(36/(37-(BH13+AZ13))),0)} -> 0 | BS13: {=IF(ISNUMBER(BI13),INDEX('hyper-reps-lookup-table'!$B$2:$AE$31,BI13,AZ13+1)*AY13*(36/(37-(BI13+AZ13))),0)} -> 0 | BT13: {=IF(ISNUMBER(BJ13),INDEX('hyper-reps-lookup-table'!$B$2:$AE$31,BJ13,AZ13+1)*AY13*(36/(37-(BJ13+AZ13))),0)} -> 0 | BU13: =IF(BV13>0,AY13/BV13,0%) -> 0 | BV13: =IF(ISNUMBER(BA13),AY13*(36/(37-(BA13+AZ13))),0) -> 0 | BW13: =SUM(BA13:BJ13)*AY13 -> 0 | BX13: =SUM(BK13:BT13) -> 0 | BY13: =MROUND(SUM(Z13:OFFSET(Z13,0,MIN(AV13,K13)-1)),$H13) -> 0 | BZ13: =MROUND(SUM(BK13:OFFSET(BK13,0,MIN(AV13,K13)-1)),$H13) -> 0 | CA13: =AQ31 -> 0 | CB13: =IF(AND(ISNUMBER(OFFSET(BA13,0,AV13-1)),AT13=I13),IFS(CC13<0,0,BZ13>BY13,1,BZ13<BY13,-0.5,BZ13=BY13,0),0) -> 0 | CC13: =AS31 -> 0 | CD13: =IFS(CC13=-1,-2,CC13=-2,0,CB13>0,1,(CB13+CA13)=-1,-1,CB13=0,0,CB13<0,0) -> 0 | CE13: =AT13 -> Bench Press [Trainer+] | CG13: =IF(ISNUMBER(CF13),CF13,MIN(MAX(IFS(DN13>0,AV13+1,DN13=0,AV13,DN13<0,AV13),1),$F13)) -> 3 | CI13: =IF(ISNUMBER(CH13),CH13,MIN(MAX(MIN(IFS(DN13>0,AX13*1.025,DN13=0,AX13,DN13<0,BV13*$D13),BV13*$E13),BV13*$D13),$G13)) -> 0 | CJ13: =IF(ISNUMBER(CH13),CH13,MAX(MROUND(CI13,$H13),$H13)) -> 0.5 | CK13: 0 | CV13: {=IF(ISNUMBER(CL13),INDEX('hyper-reps-lookup-table'!$B$2:$AE$31,CL13,CK13+1)*CJ13*(36/(37-(CL13+CK13))),0)} -> 0 | CW13: {=IF(ISNUMBER(CM13),INDEX('hyper-reps-lookup-table'!$B$2:$AE$31,CM13,CK13+1)*CJ13*(36/(37-(CM13+CK13))),0)} -> 0 | CX13: {=IF(ISNUMBER(CN13),INDEX('hyper-reps-lookup-table'!$B$2:$AE$31,CN13,CK13+1)*CJ13*(36/(37-(CN13+CK13))),0)} -> 0 | CY13: {=IF(ISNUMBER(CO13),INDEX('hyper-reps-lookup-table'!$B$2:$AE$31,CO13,CK13+1)*CJ13*(36/(37-(CO13+CK13))),0)} -> 0 | CZ13: {=IF(ISNUMBER(CP13),INDEX('hyper-reps-lookup-table'!$B$2:$AE$31,CP13,CK13+1)*CJ13*(36/(37-(CP13+CK13))),0)} -> 0 | DA13: {=IF(ISNUMBER(CQ13),INDEX('hyper-reps-lookup-table'!$B$2:$AE$31,CQ13,CK13+1)*CJ13*(36/(37-(CQ13+CK13))),0)} -> 0 | DB13: {=IF(ISNUMBER(CR13),INDEX('hyper-reps-lookup-table'!$B$2:$AE$31,CR13,CK13+1)*CJ13*(36/(37-(CR13+CK13))),0)} -> 0 | DC13: {=IF(ISNUMBER(CS13),INDEX('hyper-reps-lookup-table'!$B$2:$AE$31,CS13,CK13+1)*CJ13*(36/(37-(CS13+CK13))),0)} -> 0 | DD13: {=IF(ISNUMBER(CT13),INDEX('hyper-reps-lookup-table'!$B$2:$AE$31,CT13,CK13+1)*CJ13*(36/(37-(CT13+CK13))),0)} -> 0 | DE13: {=IF(ISNUMBER(CU13),INDEX('hyper-reps-lookup-table'!$B$2:$AE$31,CU13,CK13+1)*CJ13*(36/(37-(CU13+CK13))),0)} -> 0 | DF13: =IF(DG13>0,CJ13/DG13,0%) -> 0 | DG13: =IF(ISNUMBER(CL13),CJ13*(36/(37-(CL13+CK13))),0) -> 0 | DH13: =SUM(CL13:CU13)*CJ13 -> 0 | DI13: =SUM(CV13:DE13) -> 0 | DJ13: =MROUND(SUM(BK13:OFFSET(BK13,0,MIN(CG13,AV13)-1)),$H13) -> 0 | DK13: =MROUND(SUM(CV13:OFFSET(CV13,0,MIN(CG13,AV13)-1)),$H13) -> 0 | DL13: =CB31 -> 0 | DM13: =IF(AND(ISNUMBER(OFFSET(CL13,0,CG13-1)),CE13=AT13),IFS(DN13<0,0,DK13>DJ13,1,DK13<DJ13,-0.5,DK13=DJ13,0),0) -> 0 | DN13: =CD31 -> 0 | DO13: =IFS(DN13=-1,-2,DN13=-2,0,DM13>0,1,(DM13+DL13)=-1,-1,DM13=0,0,DM13<0,0) -> 0 | DP13: =CE13 -> Bench Press [Trainer+] | DR13: =IF(ISNUMBER(DQ13),DQ13,MIN(MAX(IFS(EY13>0,CG13+1,EY13=0,CG13,EY13<0,CG13),1),$F13)) -> 3 | DT13: =IF(ISNUMBER(DS13),DS13,MIN(MAX(MIN(IFS(EY13>0,CI13*1.025,EY13=0,CI13,EY13<0,DG13*$D13),DG13*$E13),DG13*$D13),$G13)) -> 0 | DU13: =IF(ISNUMBER(DS13),DS13,MAX(MROUND(DT13,$H13),$H13)) -> 0.5 | DV13: 0 | EG13: {=IF(ISNUMBER(DW13),INDEX('hyper-reps-lookup-table'!$B$2:$AE$31,DW13,DV13+1)*DU13*(36/(37-(DW13+DV13))),0)} -> 0 | EH13: {=IF(ISNUMBER(DX13),INDEX('hyper-reps-lookup-table'!$B$2:$AE$31,DX13,DV13+1)*DU13*(36/(37-(DX13+DV13))),0)} -> 0 | EI13: {=IF(ISNUMBER(DY13),INDEX('hyper-reps-lookup-table'!$B$2:$AE$31,DY13,DV13+1)*DU13*(36/(37-(DY13+DV13))),0)} -> 0 | EJ13: {=IF(ISNUMBER(DZ13),INDEX('hyper-reps-lookup-table'!$B$2:$AE$31,DZ13,DV13+1)*DU13*(36/(37-(DZ13+DV13))),0)} -> 0 | EK13: {=IF(ISNUMBER(EA13),INDEX('hyper-reps-lookup-table'!$B$2:$AE$31,EA13,DV13+1)*DU13*(36/(37-(EA13+DV13))),0)} -> 0 | EL13: {=IF(ISNUMBER(EB13),INDEX('hyper-reps-lookup-table'!$B$2:$AE$31,EB13,DV13+1)*DU13*(36/(37-(EB13+DV13))),0)} -> 0 | EM13: {=IF(ISNUMBER(EC13),INDEX('hyper-reps-lookup-table'!$B$2:$AE$31,EC13,DV13+1)*DU13*(36/(37-(EC13+DV13))),0)} -> 0 | EN13: {=IF(ISNUMBER(ED13),INDEX('hyper-reps-lookup-table'!$B$2:$AE$31,ED13,DV13+1)*DU13*(36/(37-(ED13+DV13))),0)} -> 0 | EO13: {=IF(ISNUMBER(EE13),INDEX('hyper-reps-lookup-table'!$B$2:$AE$31,EE13,DV13+1)*DU13*(36/(37-(EE13+DV13))),0)} -> 0 | EP13: {=IF(ISNUMBER(EF13),INDEX('hyper-reps-lookup-table'!$B$2:$AE$31,EF13,DV13+1)*DU13*(36/(37-(EF13+DV13))),0)} -> 0 | EQ13: =IF(ER13>0,DU13/ER13,0%) -> 0 | ER13: =IF(ISNUMBER(DW13),DU13*(36/(37-(DW13+DV13))),0) -> 0 | ES13: =SUM(DW13:EF13)*DU13 -> 0 | ET13: =SUM(EG13:EP13) -> 0 | EU13: =MROUND(SUM(CV13:OFFSET(CV13,0,MIN(DR13,CG13)-1)),$H13) -> 0 | EV13: =MROUND(SUM(EG13:OFFSET(EG13,0,MIN(DR13,CG13)-1)),$H13) -> 0 | EW13: =DM31 -> 0 | EX13: =IF(AND(ISNUMBER(OFFSET(DW13,0,DR13-1)),DP13=CE13),IFS(EY13<0,0,EV13>EU13,1,EV13<EU13,-0.5,EV13=EU13,0),0) -> 0 | EY13: =DO31 -> 0 | EZ13: =IFS(EY13=-1,-2,EY13=-2,0,EX13>0,1,(EX13+EW13)=-1,-1,EX13=0,0,EX13<0,0) -> 0
B14: Single Arm Row [Unica] | C14: 100 | D14: 0.8 | E14: 0.85 | F14: 3 | G14: 90 | H14: 2.5 | I14: =$B14 -> Single Arm Row [Unica] | J14: =MAX(ROUND($F14*25%,0),1) -> 1 | K14: =IF(ISNUMBER(J14),J14,MAX(ROUND($F14,0),1)) -> 1 | M14: =IF(ISNUMBER(L14),L14,MIN(MAX(MROUND(C14*$D14,$H14),$H14),$G14)) -> 80 | N14: =M14 -> 80 | O14: 0 | Z14: {=IF(ISNUMBER(P14),INDEX('hyper-reps-lookup-table'!$B$2:$AE$31,P14,O14+1)*N14*(36/(37-(P14+O14))),0)} -> 0 | AA14: {=IF(ISNUMBER(Q14),INDEX('hyper-reps-lookup-table'!$B$2:$AE$31,Q14,O14+1)*N14*(36/(37-(Q14+O14))),0)} -> 0 | AB14: {=IF(ISNUMBER(R14),INDEX('hyper-reps-lookup-table'!$B$2:$AE$31,R14,O14+1)*N14*(36/(37-(R14+O14))),0)} -> 0 | AC14: {=IF(ISNUMBER(S14),INDEX('hyper-reps-lookup-table'!$B$2:$AE$31,S14,O14+1)*N14*(36/(37-(S14+O14))),0)} -> 0 | AD14: {=IF(ISNUMBER(T14),INDEX('hyper-reps-lookup-table'!$B$2:$AE$31,T14,O14+1)*N14*(36/(37-(T14+O14))),0)} -> 0 | AE14: {=IF(ISNUMBER(U14),INDEX('hyper-reps-lookup-table'!$B$2:$AE$31,U14,O14+1)*N14*(36/(37-(U14+O14))),0)} -> 0 | AF14: {=IF(ISNUMBER(V14),INDEX('hyper-reps-lookup-table'!$B$2:$AE$31,V14,O14+1)*N14*(36/(37-(V14+O14))),0)} -> 0 | AG14: {=IF(ISNUMBER(W14),INDEX('hyper-reps-lookup-table'!$B$2:$AE$31,W14,O14+1)*N14*(36/(37-(W14+O14))),0)} -> 0 | AH14: {=IF(ISNUMBER(X14),INDEX('hyper-reps-lookup-table'!$B$2:$AE$31,X14,O14+1)*N14*(36/(37-(X14+O14))),0)} -> 0 | AI14: {=IF(ISNUMBER(Y14),INDEX('hyper-reps-lookup-table'!$B$2:$AE$31,Y14,O14+1)*N14*(36/(37-(Y14+O14))),0)} -> 0 | AJ14: =IF(AK14>0,N14/AK14,0%) -> 0 | AK14: =IF(ISNUMBER(P14),N14*(36/(37-(P14+O14))),0) -> 0 | AL14: =SUM(P14:Y14)*N14 -> 0 | AM14: =SUM(Z14:AI14) -> 0 | AN14: 0 | AO14: 0 | AP14: 0 | AQ14: 0 | AR14: 0 | AS14: 0 | AT14: =I14 -> Single Arm Row [Unica] | AU14: =MAX(ROUND($F14,0),1) -> 3 | AV14: =IF(ISNUMBER(AU14),AU14,MIN(MAX(IFS(CC14>0,K14+1,CC14=0,K14,CC14<0,K14),1),$F14)) -> 3 | AX14: =IF(ISNUMBER(AW14),AW14,MIN(MAX(MIN(IFS(CC14>0,M14*1.025,CC14=0,M14,CC14<0,AK14*$D14),AK14*$E14),AK14*$D14),$G14)) -> 0 | AY14: =IF(ISNUMBER(AW14),AW14,MAX(MROUND(AX14,$H14),$H14)) -> 2.5 | AZ14: 0 | BK14: {=IF(ISNUMBER(BA14),INDEX('hyper-reps-lookup-table'!$B$2:$AE$31,BA14,AZ14+1)*AY14*(36/(37-(BA14+AZ14))),0)} -> 0 | BL14: {=IF(ISNUMBER(BB14),INDEX('hyper-reps-lookup-table'!$B$2:$AE$31,BB14,AZ14+1)*AY14*(36/(37-(BB14+AZ14))),0)} -> 0 | BM14: {=IF(ISNUMBER(BC14),INDEX('hyper-reps-lookup-table'!$B$2:$AE$31,BC14,AZ14+1)*AY14*(36/(37-(BC14+AZ14))),0)} -> 0 | BN14: {=IF(ISNUMBER(BD14),INDEX('hyper-reps-lookup-table'!$B$2:$AE$31,BD14,AZ14+1)*AY14*(36/(37-(BD14+AZ14))),0)} -> 0 | BO14: {=IF(ISNUMBER(BE14),INDEX('hyper-reps-lookup-table'!$B$2:$AE$31,BE14,AZ14+1)*AY14*(36/(37-(BE14+AZ14))),0)} -> 0 | BP14: {=IF(ISNUMBER(BF14),INDEX('hyper-reps-lookup-table'!$B$2:$AE$31,BF14,AZ14+1)*AY14*(36/(37-(BF14+AZ14))),0)} -> 0 | BQ14: {=IF(ISNUMBER(BG14),INDEX('hyper-reps-lookup-table'!$B$2:$AE$31,BG14,AZ14+1)*AY14*(36/(37-(BG14+AZ14))),0)} -> 0 | BR14: {=IF(ISNUMBER(BH14),INDEX('hyper-reps-lookup-table'!$B$2:$AE$31,BH14,AZ14+1)*AY14*(36/(37-(BH14+AZ14))),0)} -> 0 | BS14: {=IF(ISNUMBER(BI14),INDEX('hyper-reps-lookup-table'!$B$2:$AE$31,BI14,AZ14+1)*AY14*(36/(37-(BI14+AZ14))),0)} -> 0 | BT14: {=IF(ISNUMBER(BJ14),INDEX('hyper-reps-lookup-table'!$B$2:$AE$31,BJ14,AZ14+1)*AY14*(36/(37-(BJ14+AZ14))),0)} -> 0 | BU14: =IF(BV14>0,AY14/BV14,0%) -> 0 | BV14: =IF(ISNUMBER(BA14),AY14*(36/(37-(BA14+AZ14))),0) -> 0 | BW14: =SUM(BA14:BJ14)*AY14 -> 0 | BX14: =SUM(BK14:BT14) -> 0 | BY14: =MROUND(SUM(Z14:OFFSET(Z14,0,MIN(AV14,K14)-1)),$H14) -> 0 | BZ14: =MROUND(SUM(BK14:OFFSET(BK14,0,MIN(AV14,K14)-1)),$H14) -> 0 | CA14: =AQ32 -> 0 | CB14: =IF(AND(ISNUMBER(OFFSET(BA14,0,AV14-1)),AT14=I14),IFS(CC14<0,0,BZ14>BY14,1,BZ14<BY14,-0.5,BZ14=BY14,0),0) -> 0 | CC14: =AS32 -> 0 | CD14: =IFS(CC14=-1,-2,CC14=-2,0,CB14>0,1,(CB14+CA14)=-1,-1,CB14=0,0,CB14<0,0) -> 0 | CE14: =AT14 -> Single Arm Row [Unica] | CG14: =IF(ISNUMBER(CF14),CF14,MIN(MAX(IFS(DN14>0,AV14+1,DN14=0,AV14,DN14<0,AV14),1),$F14)) -> 3 | CI14: =IF(ISNUMBER(CH14),CH14,MIN(MAX(MIN(IFS(DN14>0,AX14*1.025,DN14=0,AX14,DN14<0,BV14*$D14),BV14*$E14),BV14*$D14),$G14)) -> 0 | CJ14: =IF(ISNUMBER(CH14),CH14,MAX(MROUND(CI14,$H14),$H14)) -> 2.5 | CK14: 0 | CV14: {=IF(ISNUMBER(CL14),INDEX('hyper-reps-lookup-table'!$B$2:$AE$31,CL14,CK14+1)*CJ14*(36/(37-(CL14+CK14))),0)} -> 0 | CW14: {=IF(ISNUMBER(CM14),INDEX('hyper-reps-lookup-table'!$B$2:$AE$31,CM14,CK14+1)*CJ14*(36/(37-(CM14+CK14))),0)} -> 0 | CX14: {=IF(ISNUMBER(CN14),INDEX('hyper-reps-lookup-table'!$B$2:$AE$31,CN14,CK14+1)*CJ14*(36/(37-(CN14+CK14))),0)} -> 0 | CY14: {=IF(ISNUMBER(CO14),INDEX('hyper-reps-lookup-table'!$B$2:$AE$31,CO14,CK14+1)*CJ14*(36/(37-(CO14+CK14))),0)} -> 0 | CZ14: {=IF(ISNUMBER(CP14),INDEX('hyper-reps-lookup-table'!$B$2:$AE$31,CP14,CK14+1)*CJ14*(36/(37-(CP14+CK14))),0)} -> 0 | DA14: {=IF(ISNUMBER(CQ14),INDEX('hyper-reps-lookup-table'!$B$2:$AE$31,CQ14,CK14+1)*CJ14*(36/(37-(CQ14+CK14))),0)} -> 0 | DB14: {=IF(ISNUMBER(CR14),INDEX('hyper-reps-lookup-table'!$B$2:$AE$31,CR14,CK14+1)*CJ14*(36/(37-(CR14+CK14))),0)} -> 0 | DC14: {=IF(ISNUMBER(CS14),INDEX('hyper-reps-lookup-table'!$B$2:$AE$31,CS14,CK14+1)*CJ14*(36/(37-(CS14+CK14))),0)} -> 0 | DD14: {=IF(ISNUMBER(CT14),INDEX('hyper-reps-lookup-table'!$B$2:$AE$31,CT14,CK14+1)*CJ14*(36/(37-(CT14+CK14))),0)} -> 0 | DE14: {=IF(ISNUMBER(CU14),INDEX('hyper-reps-lookup-table'!$B$2:$AE$31,CU14,CK14+1)*CJ14*(36/(37-(CU14+CK14))),0)} -> 0 | DF14: =IF(DG14>0,CJ14/DG14,0%) -> 0 | DG14: =IF(ISNUMBER(CL14),CJ14*(36/(37-(CL14+CK14))),0) -> 0 | DH14: =SUM(CL14:CU14)*CJ14 -> 0 | DI14: =SUM(CV14:DE14) -> 0 | DJ14: =MROUND(SUM(BK14:OFFSET(BK14,0,MIN(CG14,AV14)-1)),$H14) -> 0 | DK14: =MROUND(SUM(CV14:OFFSET(CV14,0,MIN(CG14,AV14)-1)),$H14) -> 0 | DL14: =CB32 -> 0 | DM14: =IF(AND(ISNUMBER(OFFSET(CL14,0,CG14-1)),CE14=AT14),IFS(DN14<0,0,DK14>DJ14,1,DK14<DJ14,-0.5,DK14=DJ14,0),0) -> 0 | DN14: =CD32 -> 0 | DO14: =IFS(DN14=-1,-2,DN14=-2,0,DM14>0,1,(DM14+DL14)=-1,-1,DM14=0,0,DM14<0,0) -> 0 | DP14: =CE14 -> Single Arm Row [Unica] | DR14: =IF(ISNUMBER(DQ14),DQ14,MIN(MAX(IFS(EY14>0,CG14+1,EY14=0,CG14,EY14<0,CG14),1),$F14)) -> 3 | DT14: =IF(ISNUMBER(DS14),DS14,MIN(MAX(MIN(IFS(EY14>0,CI14*1.025,EY14=0,CI14,EY14<0,DG14*$D14),DG14*$E14),DG14*$D14),$G14)) -> 0 | DU14: =IF(ISNUMBER(DS14),DS14,MAX(MROUND(DT14,$H14),$H14)) -> 2.5 | DV14: 0 | EG14: {=IF(ISNUMBER(DW14),INDEX('hyper-reps-lookup-table'!$B$2:$AE$31,DW14,DV14+1)*DU14*(36/(37-(DW14+DV14))),0)} -> 0 | EH14: {=IF(ISNUMBER(DX14),INDEX('hyper-reps-lookup-table'!$B$2:$AE$31,DX14,DV14+1)*DU14*(36/(37-(DX14+DV14))),0)} -> 0 | EI14: {=IF(ISNUMBER(DY14),INDEX('hyper-reps-lookup-table'!$B$2:$AE$31,DY14,DV14+1)*DU14*(36/(37-(DY14+DV14))),0)} -> 0 | EJ14: {=IF(ISNUMBER(DZ14),INDEX('hyper-reps-lookup-table'!$B$2:$AE$31,DZ14,DV14+1)*DU14*(36/(37-(DZ14+DV14))),0)} -> 0 | EK14: {=IF(ISNUMBER(EA14),INDEX('hyper-reps-lookup-table'!$B$2:$AE$31,EA14,DV14+1)*DU14*(36/(37-(EA14+DV14))),0)} -> 0 | EL14: {=IF(ISNUMBER(EB14),INDEX('hyper-reps-lookup-table'!$B$2:$AE$31,EB14,DV14+1)*DU14*(36/(37-(EB14+DV14))),0)} -> 0 | EM14: {=IF(ISNUMBER(EC14),INDEX('hyper-reps-lookup-table'!$B$2:$AE$31,EC14,DV14+1)*DU14*(36/(37-(EC14+DV14))),0)} -> 0 | EN14: {=IF(ISNUMBER(ED14),INDEX('hyper-reps-lookup-table'!$B$2:$AE$31,ED14,DV14+1)*DU14*(36/(37-(ED14+DV14))),0)} -> 0 | EO14: {=IF(ISNUMBER(EE14),INDEX('hyper-reps-lookup-table'!$B$2:$AE$31,EE14,DV14+1)*DU14*(36/(37-(EE14+DV14))),0)} -> 0 | EP14: {=IF(ISNUMBER(EF14),INDEX('hyper-reps-lookup-table'!$B$2:$AE$31,EF14,DV14+1)*DU14*(36/(37-(EF14+DV14))),0)} -> 0 | EQ14: =IF(ER14>0,DU14/ER14,0%) -> 0 | ER14: =IF(ISNUMBER(DW14),DU14*(36/(37-(DW14+DV14))),0) -> 0 | ES14: =SUM(DW14:EF14)*DU14 -> 0 | ET14: =SUM(EG14:EP14) -> 0 | EU14: =MROUND(SUM(CV14:OFFSET(CV14,0,MIN(DR14,CG14)-1)),$H14) -> 0 | EV14: =MROUND(SUM(EG14:OFFSET(EG14,0,MIN(DR14,CG14)-1)),$H14) -> 0 | EW14: =DM32 -> 0 | EX14: =IF(AND(ISNUMBER(OFFSET(DW14,0,DR14-1)),DP14=CE14),IFS(EY14<0,0,EV14>EU14,1,EV14<EU14,-0.5,EV14=EU14,0),0) -> 0 | EY14: =DO32 -> 0 | EZ14: =IFS(EY14=-1,-2,EY14=-2,0,EX14>0,1,(EX14+EW14)=-1,-1,EX14=0,0,EX14<0,0) -> 0
B15: Lying Pec Flys (RPT) [Trainer+] | C15: 100 | D15: 0.75 | E15: 0.8 | F15: 3 | G15: 180 | H15: 0.5 | I15: =$B15 -> Lying Pec Flys (RPT) [Trainer+] | J15: =MAX(ROUND($F15*25%,0),1) -> 1 | K15: =IF(ISNUMBER(J15),J15,MAX(ROUND($F15,0),1)) -> 1 | M15: =IF(ISNUMBER(L15),L15,MIN(MAX(MROUND(C15*$D15,$H15),$H15),$G15)) -> 75 | N15: =M15 -> 75 | O15: 0 | Z15: {=IF(ISNUMBER(P15),INDEX('hyper-reps-lookup-table'!$B$2:$AE$31,P15,O15+1)*N15*(36/(37-(P15+O15))),0)} -> 0 | AA15: {=IF(ISNUMBER(Q15),INDEX('hyper-reps-lookup-table'!$B$2:$AE$31,Q15,O15+1)*N15*(36/(37-(Q15+O15))),0)} -> 0 | AB15: {=IF(ISNUMBER(R15),INDEX('hyper-reps-lookup-table'!$B$2:$AE$31,R15,O15+1)*N15*(36/(37-(R15+O15))),0)} -> 0 | AC15: {=IF(ISNUMBER(S15),INDEX('hyper-reps-lookup-table'!$B$2:$AE$31,S15,O15+1)*N15*(36/(37-(S15+O15))),0)} -> 0 | AD15: {=IF(ISNUMBER(T15),INDEX('hyper-reps-lookup-table'!$B$2:$AE$31,T15,O15+1)*N15*(36/(37-(T15+O15))),0)} -> 0 | AE15: {=IF(ISNUMBER(U15),INDEX('hyper-reps-lookup-table'!$B$2:$AE$31,U15,O15+1)*N15*(36/(37-(U15+O15))),0)} -> 0 | AF15: {=IF(ISNUMBER(V15),INDEX('hyper-reps-lookup-table'!$B$2:$AE$31,V15,O15+1)*N15*(36/(37-(V15+O15))),0)} -> 0 | AG15: {=IF(ISNUMBER(W15),INDEX('hyper-reps-lookup-table'!$B$2:$AE$31,W15,O15+1)*N15*(36/(37-(W15+O15))),0)} -> 0 | AH15: {=IF(ISNUMBER(X15),INDEX('hyper-reps-lookup-table'!$B$2:$AE$31,X15,O15+1)*N15*(36/(37-(X15+O15))),0)} -> 0 | AI15: {=IF(ISNUMBER(Y15),INDEX('hyper-reps-lookup-table'!$B$2:$AE$31,Y15,O15+1)*N15*(36/(37-(Y15+O15))),0)} -> 0 | AJ15: =IF(AK15>0,N15/AK15,0%) -> 0 | AK15: =IF(ISNUMBER(P15),N15*(36/(37-(P15+O15))),0) -> 0 | AL15: =SUM(P15:Y15)*N15 -> 0 | AM15: =SUM(Z15:AI15) -> 0 | AN15: 0 | AO15: 0 | AP15: 0 | AQ15: 0 | AR15: 0 | AS15: 0 | AT15: =I15 -> Lying Pec Flys (RPT) [Trainer+] | AU15: =MAX(ROUND($F15,0),1) -> 3 | AV15: =IF(ISNUMBER(AU15),AU15,MIN(MAX(IFS(CC15>0,K15+1,CC15=0,K15,CC15<0,K15),1),$F15)) -> 3 | AX15: =IF(ISNUMBER(AW15),AW15,MIN(MAX(MIN(IFS(CC15>0,M15*1.025,CC15=0,M15,CC15<0,AK15*$D15),AK15*$E15),AK15*$D15),$G15)) -> 0 | AY15: =IF(ISNUMBER(AW15),AW15,MAX(MROUND(AX15,$H15),$H15)) -> 0.5 | AZ15: 0 | BK15: {=IF(ISNUMBER(BA15),INDEX('hyper-reps-lookup-table'!$B$2:$AE$31,BA15,AZ15+1)*AY15*(36/(37-(BA15+AZ15))),0)} -> 0 | BL15: {=IF(ISNUMBER(BB15),INDEX('hyper-reps-lookup-table'!$B$2:$AE$31,BB15,AZ15+1)*AY15*(36/(37-(BB15+AZ15))),0)} -> 0 | BM15: {=IF(ISNUMBER(BC15),INDEX('hyper-reps-lookup-table'!$B$2:$AE$31,BC15,AZ15+1)*AY15*(36/(37-(BC15+AZ15))),0)} -> 0 | BN15: {=IF(ISNUMBER(BD15),INDEX('hyper-reps-lookup-table'!$B$2:$AE$31,BD15,AZ15+1)*AY15*(36/(37-(BD15+AZ15))),0)} -> 0 | BO15: {=IF(ISNUMBER(BE15),INDEX('hyper-reps-lookup-table'!$B$2:$AE$31,BE15,AZ15+1)*AY15*(36/(37-(BE15+AZ15))),0)} -> 0 | BP15: {=IF(ISNUMBER(BF15),INDEX('hyper-reps-lookup-table'!$B$2:$AE$31,BF15,AZ15+1)*AY15*(36/(37-(BF15+AZ15))),0)} -> 0 | BQ15: {=IF(ISNUMBER(BG15),INDEX('hyper-reps-lookup-table'!$B$2:$AE$31,BG15,AZ15+1)*AY15*(36/(37-(BG15+AZ15))),0)} -> 0 | BR15: {=IF(ISNUMBER(BH15),INDEX('hyper-reps-lookup-table'!$B$2:$AE$31,BH15,AZ15+1)*AY15*(36/(37-(BH15+AZ15))),0)} -> 0 | BS15: {=IF(ISNUMBER(BI15),INDEX('hyper-reps-lookup-table'!$B$2:$AE$31,BI15,AZ15+1)*AY15*(36/(37-(BI15+AZ15))),0)} -> 0 | BT15: {=IF(ISNUMBER(BJ15),INDEX('hyper-reps-lookup-table'!$B$2:$AE$31,BJ15,AZ15+1)*AY15*(36/(37-(BJ15+AZ15))),0)} -> 0 | BU15: =IF(BV15>0,AY15/BV15,0%) -> 0 | BV15: =IF(ISNUMBER(BA15),AY15*(36/(37-(BA15+AZ15))),0) -> 0 | BW15: =SUM(BA15:BJ15)*AY15 -> 0 | BX15: =SUM(BK15:BT15) -> 0 | BY15: =MROUND(SUM(Z15:OFFSET(Z15,0,MIN(AV15,K15)-1)),$H15) -> 0 | BZ15: =MROUND(SUM(BK15:OFFSET(BK15,0,MIN(AV15,K15)-1)),$H15) -> 0 | CA15: =AQ33 -> 0 | CB15: =IF(AND(ISNUMBER(OFFSET(BA15,0,AV15-1)),AT15=I15),IFS(CC15<0,0,BZ15>BY15,1,BZ15<BY15,-0.5,BZ15=BY15,0),0) -> 0 | CC15: =AS33 -> 0 | CD15: =IFS(CC15=-1,-2,CC15=-2,0,CB15>0,1,(CB15+CA15)=-1,-1,CB15=0,0,CB15<0,0) -> 0 | CE15: =AT15 -> Lying Pec Flys (RPT) [Trainer+] | CG15: =IF(ISNUMBER(CF15),CF15,MIN(MAX(IFS(DN15>0,AV15+1,DN15=0,AV15,DN15<0,AV15),1),$F15)) -> 3 | CI15: =IF(ISNUMBER(CH15),CH15,MIN(MAX(MIN(IFS(DN15>0,AX15*1.025,DN15=0,AX15,DN15<0,BV15*$D15),BV15*$E15),BV15*$D15),$G15)) -> 0 | CJ15: =IF(ISNUMBER(CH15),CH15,MAX(MROUND(CI15,$H15),$H15)) -> 0.5 | CK15: 0 | CV15: {=IF(ISNUMBER(CL15),INDEX('hyper-reps-lookup-table'!$B$2:$AE$31,CL15,CK15+1)*CJ15*(36/(37-(CL15+CK15))),0)} -> 0 | CW15: {=IF(ISNUMBER(CM15),INDEX('hyper-reps-lookup-table'!$B$2:$AE$31,CM15,CK15+1)*CJ15*(36/(37-(CM15+CK15))),0)} -> 0 | CX15: {=IF(ISNUMBER(CN15),INDEX('hyper-reps-lookup-table'!$B$2:$AE$31,CN15,CK15+1)*CJ15*(36/(37-(CN15+CK15))),0)} -> 0 | CY15: {=IF(ISNUMBER(CO15),INDEX('hyper-reps-lookup-table'!$B$2:$AE$31,CO15,CK15+1)*CJ15*(36/(37-(CO15+CK15))),0)} -> 0 | CZ15: {=IF(ISNUMBER(CP15),INDEX('hyper-reps-lookup-table'!$B$2:$AE$31,CP15,CK15+1)*CJ15*(36/(37-(CP15+CK15))),0)} -> 0 | DA15: {=IF(ISNUMBER(CQ15),INDEX('hyper-reps-lookup-table'!$B$2:$AE$31,CQ15,CK15+1)*CJ15*(36/(37-(CQ15+CK15))),0)} -> 0 | DB15: {=IF(ISNUMBER(CR15),INDEX('hyper-reps-lookup-table'!$B$2:$AE$31,CR15,CK15+1)*CJ15*(36/(37-(CR15+CK15))),0)} -> 0 | DC15: {=IF(ISNUMBER(CS15),INDEX('hyper-reps-lookup-table'!$B$2:$AE$31,CS15,CK15+1)*CJ15*(36/(37-(CS15+CK15))),0)} -> 0 | DD15: {=IF(ISNUMBER(CT15),INDEX('hyper-reps-lookup-table'!$B$2:$AE$31,CT15,CK15+1)*CJ15*(36/(37-(CT15+CK15))),0)} -> 0 | DE15: {=IF(ISNUMBER(CU15),INDEX('hyper-reps-lookup-table'!$B$2:$AE$31,CU15,CK15+1)*CJ15*(36/(37-(CU15+CK15))),0)} -> 0 | DF15: =IF(DG15>0,CJ15/DG15,0%) -> 0 | DG15: =IF(ISNUMBER(CL15),CJ15*(36/(37-(CL15+CK15))),0) -> 0 | DH15: =SUM(CL15:CU15)*CJ15 -> 0 | DI15: =SUM(CV15:DE15) -> 0 | DJ15: =MROUND(SUM(BK15:OFFSET(BK15,0,MIN(CG15,AV15)-1)),$H15) -> 0 | DK15: =MROUND(SUM(CV15:OFFSET(CV15,0,MIN(CG15,AV15)-1)),$H15) -> 0 | DL15: =CB33 -> 0 | DM15: =IF(AND(ISNUMBER(OFFSET(CL15,0,CG15-1)),CE15=AT15),IFS(DN15<0,0,DK15>DJ15,1,DK15<DJ15,-0.5,DK15=DJ15,0),0) -> 0 | DN15: =CD33 -> 0 | DO15: =IFS(DN15=-1,-2,DN15=-2,0,DM15>0,1,(DM15+DL15)=-1,-1,DM15=0,0,DM15<0,0) -> 0 | DP15: =CE15 -> Lying Pec Flys (RPT) [Trainer+] | DR15: =IF(ISNUMBER(DQ15),DQ15,MIN(MAX(IFS(EY15>0,CG15+1,EY15=0,CG15,EY15<0,CG15),1),$F15)) -> 3 | DT15: =IF(ISNUMBER(DS15),DS15,MIN(MAX(MIN(IFS(EY15>0,CI15*1.025,EY15=0,CI15,EY15<0,DG15*$D15),DG15*$E15),DG15*$D15),$G15)) -> 0 | DU15: =IF(ISNUMBER(DS15),DS15,MAX(MROUND(DT15,$H15),$H15)) -> 0.5 | DV15: 0 | EG15: {=IF(ISNUMBER(DW15),INDEX('hyper-reps-lookup-table'!$B$2:$AE$31,DW15,DV15+1)*DU15*(36/(37-(DW15+DV15))),0)} -> 0 | EH15: {=IF(ISNUMBER(DX15),INDEX('hyper-reps-lookup-table'!$B$2:$AE$31,DX15,DV15+1)*DU15*(36/(37-(DX15+DV15))),0)} -> 0 | EI15: {=IF(ISNUMBER(DY15),INDEX('hyper-reps-lookup-table'!$B$2:$AE$31,DY15,DV15+1)*DU15*(36/(37-(DY15+DV15))),0)} -> 0 | EJ15: {=IF(ISNUMBER(DZ15),INDEX('hyper-reps-lookup-table'!$B$2:$AE$31,DZ15,DV15+1)*DU15*(36/(37-(DZ15+DV15))),0)} -> 0 | EK15: {=IF(ISNUMBER(EA15),INDEX('hyper-reps-lookup-table'!$B$2:$AE$31,EA15,DV15+1)*DU15*(36/(37-(EA15+DV15))),0)} -> 0 | EL15: {=IF(ISNUMBER(EB15),INDEX('hyper-reps-lookup-table'!$B$2:$AE$31,EB15,DV15+1)*DU15*(36/(37-(EB15+DV15))),0)} -> 0 | EM15: {=IF(ISNUMBER(EC15),INDEX('hyper-reps-lookup-table'!$B$2:$AE$31,EC15,DV15+1)*DU15*(36/(37-(EC15+DV15))),0)} -> 0 | EN15: {=IF(ISNUMBER(ED15),INDEX('hyper-reps-lookup-table'!$B$2:$AE$31,ED15,DV15+1)*DU15*(36/(37-(ED15+DV15))),0)} -> 0 | EO15: {=IF(ISNUMBER(EE15),INDEX('hyper-reps-lookup-table'!$B$2:$AE$31,EE15,DV15+1)*DU15*(36/(37-(EE15+DV15))),0)} -> 0 | EP15: {=IF(ISNUMBER(EF15),INDEX('hyper-reps-lookup-table'!$B$2:$AE$31,EF15,DV15+1)*DU15*(36/(37-(EF15+DV15))),0)} -> 0 | EQ15: =IF(ER15>0,DU15/ER15,0%) -> 0 | ER15: =IF(ISNUMBER(DW15),DU15*(36/(37-(DW15+DV15))),0) -> 0 | ES15: =SUM(DW15:EF15)*DU15 -> 0 | ET15: =SUM(EG15:EP15) -> 0 | EU15: =MROUND(SUM(CV15:OFFSET(CV15,0,MIN(DR15,CG15)-1)),$H15) -> 0 | EV15: =MROUND(SUM(EG15:OFFSET(EG15,0,MIN(DR15,CG15)-1)),$H15) -> 0 | EW15: =DM33 -> 0 | EX15: =IF(AND(ISNUMBER(OFFSET(DW15,0,DR15-1)),DP15=CE15),IFS(EY15<0,0,EV15>EU15,1,EV15<EU15,-0.5,EV15=EU15,0),0) -> 0 | EY15: =DO33 -> 0 | EZ15: =IFS(EY15=-1,-2,EY15=-2,0,EX15>0,1,(EX15+EW15)=-1,-1,EX15=0,0,EX15<0,0) -> 0
B16: Lat Pulldown (RPT) [Unica] | C16: 100 | D16: 0.8 | E16: 0.85 | F16: 3 | G16: 90 | H16: 2.5 | I16: =$B16 -> Lat Pulldown (RPT) [Unica] | J16: =MAX(ROUND($F16*25%,0),1) -> 1 | K16: =IF(ISNUMBER(J16),J16,MAX(ROUND($F16,0),1)) -> 1 | M16: =IF(ISNUMBER(L16),L16,MIN(MAX(MROUND(C16*$D16,$H16),$H16),$G16)) -> 80 | N16: =M16 -> 80 | O16: 0 | Z16: {=IF(ISNUMBER(P16),INDEX('hyper-reps-lookup-table'!$B$2:$AE$31,P16,O16+1)*N16*(36/(37-(P16+O16))),0)} -> 0 | AA16: {=IF(ISNUMBER(Q16),INDEX('hyper-reps-lookup-table'!$B$2:$AE$31,Q16,O16+1)*N16*(36/(37-(Q16+O16))),0)} -> 0 | AB16: {=IF(ISNUMBER(R16),INDEX('hyper-reps-lookup-table'!$B$2:$AE$31,R16,O16+1)*N16*(36/(37-(R16+O16))),0)} -> 0 | AC16: {=IF(ISNUMBER(S16),INDEX('hyper-reps-lookup-table'!$B$2:$AE$31,S16,O16+1)*N16*(36/(37-(S16+O16))),0)} -> 0 | AD16: {=IF(ISNUMBER(T16),INDEX('hyper-reps-lookup-table'!$B$2:$AE$31,T16,O16+1)*N16*(36/(37-(T16+O16))),0)} -> 0 | AE16: {=IF(ISNUMBER(U16),INDEX('hyper-reps-lookup-table'!$B$2:$AE$31,U16,O16+1)*N16*(36/(37-(U16+O16))),0)} -> 0 | AF16: {=IF(ISNUMBER(V16),INDEX('hyper-reps-lookup-table'!$B$2:$AE$31,V16,O16+1)*N16*(36/(37-(V16+O16))),0)} -> 0 | AG16: {=IF(ISNUMBER(W16),INDEX('hyper-reps-lookup-table'!$B$2:$AE$31,W16,O16+1)*N16*(36/(37-(W16+O16))),0)} -> 0 | AH16: {=IF(ISNUMBER(X16),INDEX('hyper-reps-lookup-table'!$B$2:$AE$31,X16,O16+1)*N16*(36/(37-(X16+O16))),0)} -> 0 | AI16: {=IF(ISNUMBER(Y16),INDEX('hyper-reps-lookup-table'!$B$2:$AE$31,Y16,O16+1)*N16*(36/(37-(Y16+O16))),0)} -> 0 | AJ16: =IF(AK16>0,N16/AK16,0%) -> 0 | AK16: =IF(ISNUMBER(P16),N16*(36/(37-(P16+O16))),0) -> 0 | AL16: =SUM(P16:Y16)*N16 -> 0 | AM16: =SUM(Z16:AI16) -> 0 | AN16: 0 | AO16: 0 | AP16: 0 | AQ16: 0 | AR16: 0 | AS16: 0 | AT16: =I16 -> Lat Pulldown (RPT) [Unica] | AU16: =MAX(ROUND($F16,0),1) -> 3 | AV16: =IF(ISNUMBER(AU16),AU16,MIN(MAX(IFS(CC16>0,K16+1,CC16=0,K16,CC16<0,K16),1),$F16)) -> 3 | AX16: =IF(ISNUMBER(AW16),AW16,MIN(MAX(MIN(IFS(CC16>0,M16*1.025,CC16=0,M16,CC16<0,AK16*$D16),AK16*$E16),AK16*$D16),$G16)) -> 0 | AY16: =IF(ISNUMBER(AW16),AW16,MAX(MROUND(AX16,$H16),$H16)) -> 2.5 | AZ16: 0 | BK16: {=IF(ISNUMBER(BA16),INDEX('hyper-reps-lookup-table'!$B$2:$AE$31,BA16,AZ16+1)*AY16*(36/(37-(BA16+AZ16))),0)} -> 0 | BL16: {=IF(ISNUMBER(BB16),INDEX('hyper-reps-lookup-table'!$B$2:$AE$31,BB16,AZ16+1)*AY16*(36/(37-(BB16+AZ16))),0)} -> 0 | BM16: {=IF(ISNUMBER(BC16),INDEX('hyper-reps-lookup-table'!$B$2:$AE$31,BC16,AZ16+1)*AY16*(36/(37-(BC16+AZ16))),0)} -> 0 | BN16: {=IF(ISNUMBER(BD16),INDEX('hyper-reps-lookup-table'!$B$2:$AE$31,BD16,AZ16+1)*AY16*(36/(37-(BD16+AZ16))),0)} -> 0 | BO16: {=IF(ISNUMBER(BE16),INDEX('hyper-reps-lookup-table'!$B$2:$AE$31,BE16,AZ16+1)*AY16*(36/(37-(BE16+AZ16))),0)} -> 0 | BP16: {=IF(ISNUMBER(BF16),INDEX('hyper-reps-lookup-table'!$B$2:$AE$31,BF16,AZ16+1)*AY16*(36/(37-(BF16+AZ16))),0)} -> 0 | BQ16: {=IF(ISNUMBER(BG16),INDEX('hyper-reps-lookup-table'!$B$2:$AE$31,BG16,AZ16+1)*AY16*(36/(37-(BG16+AZ16))),0)} -> 0 | BR16: {=IF(ISNUMBER(BH16),INDEX('hyper-reps-lookup-table'!$B$2:$AE$31,BH16,AZ16+1)*AY16*(36/(37-(BH16+AZ16))),0)} -> 0 | BS16: {=IF(ISNUMBER(BI16),INDEX('hyper-reps-lookup-table'!$B$2:$AE$31,BI16,AZ16+1)*AY16*(36/(37-(BI16+AZ16))),0)} -> 0 | BT16: {=IF(ISNUMBER(BJ16),INDEX('hyper-reps-lookup-table'!$B$2:$AE$31,BJ16,AZ16+1)*AY16*(36/(37-(BJ16+AZ16))),0)} -> 0 | BU16: =IF(BV16>0,AY16/BV16,0%) -> 0 | BV16: =IF(ISNUMBER(BA16),AY16*(36/(37-(BA16+AZ16))),0) -> 0 | BW16: =SUM(BA16:BJ16)*AY16 -> 0 | BX16: =SUM(BK16:BT16) -> 0 | BY16: =MROUND(SUM(Z16:OFFSET(Z16,0,MIN(AV16,K16)-1)),$H16) -> 0 | BZ16: =MROUND(SUM(BK16:OFFSET(BK16,0,MIN(AV16,K16)-1)),$H16) -> 0 | CA16: =AQ34 -> 0 | CB16: =IF(AND(ISNUMBER(OFFSET(BA16,0,AV16-1)),AT16=I16),IFS(CC16<0,0,BZ16>BY16,1,BZ16<BY16,-0.5,BZ16=BY16,0),0) -> 0 | CC16: =AS34 -> 0 | CD16: =IFS(CC16=-1,-2,CC16=-2,0,CB16>0,1,(CB16+CA16)=-1,-1,CB16=0,0,CB16<0,0) -> 0 | CE16: =AT16 -> Lat Pulldown (RPT) [Unica] | CG16: =IF(ISNUMBER(CF16),CF16,MIN(MAX(IFS(DN16>0,AV16+1,DN16=0,AV16,DN16<0,AV16),1),$F16)) -> 3 | CI16: =IF(ISNUMBER(CH16),CH16,MIN(MAX(MIN(IFS(DN16>0,AX16*1.025,DN16=0,AX16,DN16<0,BV16*$D16),BV16*$E16),BV16*$D16),$G16)) -> 0 | CJ16: =IF(ISNUMBER(CH16),CH16,MAX(MROUND(CI16,$H16),$H16)) -> 2.5 | CK16: 0 | CV16: {=IF(ISNUMBER(CL16),INDEX('hyper-reps-lookup-table'!$B$2:$AE$31,CL16,CK16+1)*CJ16*(36/(37-(CL16+CK16))),0)} -> 0 | CW16: {=IF(ISNUMBER(CM16),INDEX('hyper-reps-lookup-table'!$B$2:$AE$31,CM16,CK16+1)*CJ16*(36/(37-(CM16+CK16))),0)} -> 0 | CX16: {=IF(ISNUMBER(CN16),INDEX('hyper-reps-lookup-table'!$B$2:$AE$31,CN16,CK16+1)*CJ16*(36/(37-(CN16+CK16))),0)} -> 0 | CY16: {=IF(ISNUMBER(CO16),INDEX('hyper-reps-lookup-table'!$B$2:$AE$31,CO16,CK16+1)*CJ16*(36/(37-(CO16+CK16))),0)} -> 0 | CZ16: {=IF(ISNUMBER(CP16),INDEX('hyper-reps-lookup-table'!$B$2:$AE$31,CP16,CK16+1)*CJ16*(36/(37-(CP16+CK16))),0)} -> 0 | DA16: {=IF(ISNUMBER(CQ16),INDEX('hyper-reps-lookup-table'!$B$2:$AE$31,CQ16,CK16+1)*CJ16*(36/(37-(CQ16+CK16))),0)} -> 0 | DB16: {=IF(ISNUMBER(CR16),INDEX('hyper-reps-lookup-table'!$B$2:$AE$31,CR16,CK16+1)*CJ16*(36/(37-(CR16+CK16))),0)} -> 0 | DC16: {=IF(ISNUMBER(CS16),INDEX('hyper-reps-lookup-table'!$B$2:$AE$31,CS16,CK16+1)*CJ16*(36/(37-(CS16+CK16))),0)} -> 0 | DD16: {=IF(ISNUMBER(CT16),INDEX('hyper-reps-lookup-table'!$B$2:$AE$31,CT16,CK16+1)*CJ16*(36/(37-(CT16+CK16))),0)} -> 0 | DE16: {=IF(ISNUMBER(CU16),INDEX('hyper-reps-lookup-table'!$B$2:$AE$31,CU16,CK16+1)*CJ16*(36/(37-(CU16+CK16))),0)} -> 0 | DF16: =IF(DG16>0,CJ16/DG16,0%) -> 0 | DG16: =IF(ISNUMBER(CL16),CJ16*(36/(37-(CL16+CK16))),0) -> 0 | DH16: =SUM(CL16:CU16)*CJ16 -> 0 | DI16: =SUM(CV16:DE16) -> 0 | DJ16: =MROUND(SUM(BK16:OFFSET(BK16,0,MIN(CG16,AV16)-1)),$H16) -> 0 | DK16: =MROUND(SUM(CV16:OFFSET(CV16,0,MIN(CG16,AV16)-1)),$H16) -> 0 | DL16: =CB34 -> 0 | DM16: =IF(AND(ISNUMBER(OFFSET(CL16,0,CG16-1)),CE16=AT16),IFS(DN16<0,0,DK16>DJ16,1,DK16<DJ16,-0.5,DK16=DJ16,0),0) -> 0 | DN16: =CD34 -> 0 | DO16: =IFS(DN16=-1,-2,DN16=-2,0,DM16>0,1,(DM16+DL16)=-1,-1,DM16=0,0,DM16<0,0) -> 0 | DP16: =CE16 -> Lat Pulldown (RPT) [Unica] | DR16: =IF(ISNUMBER(DQ16),DQ16,MIN(MAX(IFS(EY16>0,CG16+1,EY16=0,CG16,EY16<0,CG16),1),$F16)) -> 3 | DT16: =IF(ISNUMBER(DS16),DS16,MIN(MAX(MIN(IFS(EY16>0,CI16*1.025,EY16=0,CI16,EY16<0,DG16*$D16),DG16*$E16),DG16*$D16),$G16)) -> 0 | DU16: =IF(ISNUMBER(DS16),DS16,MAX(MROUND(DT16,$H16),$H16)) -> 2.5 | DV16: 0 | EG16: {=IF(ISNUMBER(DW16),INDEX('hyper-reps-lookup-table'!$B$2:$AE$31,DW16,DV16+1)*DU16*(36/(37-(DW16+DV16))),0)} -> 0 | EH16: {=IF(ISNUMBER(DX16),INDEX('hyper-reps-lookup-table'!$B$2:$AE$31,DX16,DV16+1)*DU16*(36/(37-(DX16+DV16))),0)} -> 0 | EI16: {=IF(ISNUMBER(DY16),INDEX('hyper-reps-lookup-table'!$B$2:$AE$31,DY16,DV16+1)*DU16*(36/(37-(DY16+DV16))),0)} -> 0 | EJ16: {=IF(ISNUMBER(DZ16),INDEX('hyper-reps-lookup-table'!$B$2:$AE$31,DZ16,DV16+1)*DU16*(36/(37-(DZ16+DV16))),0)} -> 0 | EK16: {=IF(ISNUMBER(EA16),INDEX('hyper-reps-lookup-table'!$B$2:$AE$31,EA16,DV16+1)*DU16*(36/(37-(EA16+DV16))),0)} -> 0 | EL16: {=IF(ISNUMBER(EB16),INDEX('hyper-reps-lookup-table'!$B$2:$AE$31,EB16,DV16+1)*DU16*(36/(37-(EB16+DV16))),0)} -> 0 | EM16: {=IF(ISNUMBER(EC16),INDEX('hyper-reps-lookup-table'!$B$2:$AE$31,EC16,DV16+1)*DU16*(36/(37-(EC16+DV16))),0)} -> 0 | EN16: {=IF(ISNUMBER(ED16),INDEX('hyper-reps-lookup-table'!$B$2:$AE$31,ED16,DV16+1)*DU16*(36/(37-(ED16+DV16))),0)} -> 0 | EO16: {=IF(ISNUMBER(EE16),INDEX('hyper-reps-lookup-table'!$B$2:$AE$31,EE16,DV16+1)*DU16*(36/(37-(EE16+DV16))),0)} -> 0 | EP16: {=IF(ISNUMBER(EF16),INDEX('hyper-reps-lookup-table'!$B$2:$AE$31,EF16,DV16+1)*DU16*(36/(37-(EF16+DV16))),0)} -> 0 | EQ16: =IF(ER16>0,DU16/ER16,0%) -> 0 | ER16: =IF(ISNUMBER(DW16),DU16*(36/(37-(DW16+DV16))),0) -> 0 | ES16: =SUM(DW16:EF16)*DU16 -> 0 | ET16: =SUM(EG16:EP16) -> 0 | EU16: =MROUND(SUM(CV16:OFFSET(CV16,0,MIN(DR16,CG16)-1)),$H16) -> 0 | EV16: =MROUND(SUM(EG16:OFFSET(EG16,0,MIN(DR16,CG16)-1)),$H16) -> 0 | EW16: =DM34 -> 0 | EX16: =IF(AND(ISNUMBER(OFFSET(DW16,0,DR16-1)),DP16=CE16),IFS(EY16<0,0,EV16>EU16,1,EV16<EU16,-0.5,EV16=EU16,0),0) -> 0 | EY16: =DO34 -> 0 | EZ16: =IFS(EY16=-1,-2,EY16=-2,0,EX16>0,1,(EX16+EW16)=-1,-1,EX16=0,0,EX16<0,0) -> 0
B17: Lateral Raise (RPT) [Trainer+] | C17: 100 | D17: 0.75 | E17: 0.8 | F17: 4 | G17: 180 | H17: 0.5 | I17: =$B17 -> Lateral Raise (RPT) [Trainer+] | J17: =MAX(ROUND($F17*50%,0),1) -> 2 | K17: =IF(ISNUMBER(J17),J17,MAX(ROUND($F17,0),1)) -> 2 | M17: =IF(ISNUMBER(L17),L17,MIN(MAX(MROUND(C17*$D17,$H17),$H17),$G17)) -> 75 | N17: =M17 -> 75 | O17: 0 | Z17: {=IF(ISNUMBER(P17),INDEX('hyper-reps-lookup-table'!$B$2:$AE$31,P17,O17+1)*N17*(36/(37-(P17+O17))),0)} -> 0 | AA17: {=IF(ISNUMBER(Q17),INDEX('hyper-reps-lookup-table'!$B$2:$AE$31,Q17,O17+1)*N17*(36/(37-(Q17+O17))),0)} -> 0 | AB17: {=IF(ISNUMBER(R17),INDEX('hyper-reps-lookup-table'!$B$2:$AE$31,R17,O17+1)*N17*(36/(37-(R17+O17))),0)} -> 0 | AC17: {=IF(ISNUMBER(S17),INDEX('hyper-reps-lookup-table'!$B$2:$AE$31,S17,O17+1)*N17*(36/(37-(S17+O17))),0)} -> 0 | AD17: {=IF(ISNUMBER(T17),INDEX('hyper-reps-lookup-table'!$B$2:$AE$31,T17,O17+1)*N17*(36/(37-(T17+O17))),0)} -> 0 | AE17: {=IF(ISNUMBER(U17),INDEX('hyper-reps-lookup-table'!$B$2:$AE$31,U17,O17+1)*N17*(36/(37-(U17+O17))),0)} -> 0 | AF17: {=IF(ISNUMBER(V17),INDEX('hyper-reps-lookup-table'!$B$2:$AE$31,V17,O17+1)*N17*(36/(37-(V17+O17))),0)} -> 0 | AG17: {=IF(ISNUMBER(W17),INDEX('hyper-reps-lookup-table'!$B$2:$AE$31,W17,O17+1)*N17*(36/(37-(W17+O17))),0)} -> 0 | AH17: {=IF(ISNUMBER(X17),INDEX('hyper-reps-lookup-table'!$B$2:$AE$31,X17,O17+1)*N17*(36/(37-(X17+O17))),0)} -> 0 | AI17: {=IF(ISNUMBER(Y17),INDEX('hyper-reps-lookup-table'!$B$2:$AE$31,Y17,O17+1)*N17*(36/(37-(Y17+O17))),0)} -> 0 | AJ17: =IF(AK17>0,N17/AK17,0%) -> 0 | AK17: =IF(ISNUMBER(P17),N17*(36/(37-(P17+O17))),0) -> 0 | AL17: =SUM(P17:Y17)*N17 -> 0 | AM17: =SUM(Z17:AI17) -> 0 | AN17: 0 | AO17: 0 | AP17: 0 | AQ17: 0 | AR17: 0 | AS17: 0 | AT17: =I17 -> Lateral Raise (RPT) [Trainer+] | AU17: =MAX(ROUND($F17,0),1) -> 4 | AV17: =IF(ISNUMBER(AU17),AU17,MIN(MAX(IFS(CC17>0,K17+1,CC17=0,K17,CC17<0,K17),1),$F17)) -> 4 | AX17: =IF(ISNUMBER(AW17),AW17,MIN(MAX(MIN(IFS(CC17>0,M17*1.025,CC17=0,M17,CC17<0,AK17*$D17),AK17*$E17),AK17*$D17),$G17)) -> 0 | AY17: =IF(ISNUMBER(AW17),AW17,MAX(MROUND(AX17,$H17),$H17)) -> 0.5 | AZ17: 0 | BK17: {=IF(ISNUMBER(BA17),INDEX('hyper-reps-lookup-table'!$B$2:$AE$31,BA17,AZ17+1)*AY17*(36/(37-(BA17+AZ17))),0)} -> 0 | BL17: {=IF(ISNUMBER(BB17),INDEX('hyper-reps-lookup-table'!$B$2:$AE$31,BB17,AZ17+1)*AY17*(36/(37-(BB17+AZ17))),0)} -> 0 | BM17: {=IF(ISNUMBER(BC17),INDEX('hyper-reps-lookup-table'!$B$2:$AE$31,BC17,AZ17+1)*AY17*(36/(37-(BC17+AZ17))),0)} -> 0 | BN17: {=IF(ISNUMBER(BD17),INDEX('hyper-reps-lookup-table'!$B$2:$AE$31,BD17,AZ17+1)*AY17*(36/(37-(BD17+AZ17))),0)} -> 0 | BO17: {=IF(ISNUMBER(BE17),INDEX('hyper-reps-lookup-table'!$B$2:$AE$31,BE17,AZ17+1)*AY17*(36/(37-(BE17+AZ17))),0)} -> 0 | BP17: {=IF(ISNUMBER(BF17),INDEX('hyper-reps-lookup-table'!$B$2:$AE$31,BF17,AZ17+1)*AY17*(36/(37-(BF17+AZ17))),0)} -> 0 | BQ17: {=IF(ISNUMBER(BG17),INDEX('hyper-reps-lookup-table'!$B$2:$AE$31,BG17,AZ17+1)*AY17*(36/(37-(BG17+AZ17))),0)} -> 0 | BR17: {=IF(ISNUMBER(BH17),INDEX('hyper-reps-lookup-table'!$B$2:$AE$31,BH17,AZ17+1)*AY17*(36/(37-(BH17+AZ17))),0)} -> 0 | BS17: {=IF(ISNUMBER(BI17),INDEX('hyper-reps-lookup-table'!$B$2:$AE$31,BI17,AZ17+1)*AY17*(36/(37-(BI17+AZ17))),0)} -> 0 | BT17: {=IF(ISNUMBER(BJ17),INDEX('hyper-reps-lookup-table'!$B$2:$AE$31,BJ17,AZ17+1)*AY17*(36/(37-(BJ17+AZ17))),0)} -> 0 | BU17: =IF(BV17>0,AY17/BV17,0%) -> 0 | BV17: =IF(ISNUMBER(BA17),AY17*(36/(37-(BA17+AZ17))),0) -> 0 | BW17: =SUM(BA17:BJ17)*AY17 -> 0 | BX17: =SUM(BK17:BT17) -> 0 | BY17: =MROUND(SUM(Z17:OFFSET(Z17,0,MIN(AV17,K17)-1)),$H17) -> 0 | BZ17: =MROUND(SUM(BK17:OFFSET(BK17,0,MIN(AV17,K17)-1)),$H17) -> 0 | CA17: =AQ35 -> 0 | CB17: =IF(AND(ISNUMBER(OFFSET(BA17,0,AV17-1)),AT17=I17),IFS(CC17<0,0,BZ17>BY17,1,BZ17<BY17,-0.5,BZ17=BY17,0),0) -> 0 | CC17: =AS35 -> 0 | CD17: =IFS(CC17=-1,-2,CC17=-2,0,CB17>0,1,(CB17+CA17)=-1,-1,CB17=0,0,CB17<0,0) -> 0 | CE17: =AT17 -> Lateral Raise (RPT) [Trainer+] | CG17: =IF(ISNUMBER(CF17),CF17,MIN(MAX(IFS(DN17>0,AV17+1,DN17=0,AV17,DN17<0,AV17),1),$F17)) -> 4 | CI17: =IF(ISNUMBER(CH17),CH17,MIN(MAX(MIN(IFS(DN17>0,AX17*1.025,DN17=0,AX17,DN17<0,BV17*$D17),BV17*$E17),BV17*$D17),$G17)) -> 0 | CJ17: =IF(ISNUMBER(CH17),CH17,MAX(MROUND(CI17,$H17),$H17)) -> 0.5 | CK17: 0 | CV17: {=IF(ISNUMBER(CL17),INDEX('hyper-reps-lookup-table'!$B$2:$AE$31,CL17,CK17+1)*CJ17*(36/(37-(CL17+CK17))),0)} -> 0 | CW17: {=IF(ISNUMBER(CM17),INDEX('hyper-reps-lookup-table'!$B$2:$AE$31,CM17,CK17+1)*CJ17*(36/(37-(CM17+CK17))),0)} -> 0 | CX17: {=IF(ISNUMBER(CN17),INDEX('hyper-reps-lookup-table'!$B$2:$AE$31,CN17,CK17+1)*CJ17*(36/(37-(CN17+CK17))),0)} -> 0 | CY17: {=IF(ISNUMBER(CO17),INDEX('hyper-reps-lookup-table'!$B$2:$AE$31,CO17,CK17+1)*CJ17*(36/(37-(CO17+CK17))),0)} -> 0 | CZ17: {=IF(ISNUMBER(CP17),INDEX('hyper-reps-lookup-table'!$B$2:$AE$31,CP17,CK17+1)*CJ17*(36/(37-(CP17+CK17))),0)} -> 0 | DA17: {=IF(ISNUMBER(CQ17),INDEX('hyper-reps-lookup-table'!$B$2:$AE$31,CQ17,CK17+1)*CJ17*(36/(37-(CQ17+CK17))),0)} -> 0 | DB17: {=IF(ISNUMBER(CR17),INDEX('hyper-reps-lookup-table'!$B$2:$AE$31,CR17,CK17+1)*CJ17*(36/(37-(CR17+CK17))),0)} -> 0 | DC17: {=IF(ISNUMBER(CS17),INDEX('hyper-reps-lookup-table'!$B$2:$AE$31,CS17,CK17+1)*CJ17*(36/(37-(CS17+CK17))),0)} -> 0 | DD17: {=IF(ISNUMBER(CT17),INDEX('hyper-reps-lookup-table'!$B$2:$AE$31,CT17,CK17+1)*CJ17*(36/(37-(CT17+CK17))),0)} -> 0 | DE17: {=IF(ISNUMBER(CU17),INDEX('hyper-reps-lookup-table'!$B$2:$AE$31,CU17,CK17+1)*CJ17*(36/(37-(CU17+CK17))),0)} -> 0 | DF17: =IF(DG17>0,CJ17/DG17,0%) -> 0 | DG17: =IF(ISNUMBER(CL17),CJ17*(36/(37-(CL17+CK17))),0) -> 0 | DH17: =SUM(CL17:CU17)*CJ17 -> 0 | DI17: =SUM(CV17:DE17) -> 0 | DJ17: =MROUND(SUM(BK17:OFFSET(BK17,0,MIN(CG17,AV17)-1)),$H17) -> 0 | DK17: =MROUND(SUM(CV17:OFFSET(CV17,0,MIN(CG17,AV17)-1)),$H17) -> 0 | DL17: =CB35 -> 0 | DM17: =IF(AND(ISNUMBER(OFFSET(CL17,0,CG17-1)),CE17=AT17),IFS(DN17<0,0,DK17>DJ17,1,DK17<DJ17,-0.5,DK17=DJ17,0),0) -> 0 | DN17: =CD35 -> 0 | DO17: =IFS(DN17=-1,-2,DN17=-2,0,DM17>0,1,(DM17+DL17)=-1,-1,DM17=0,0,DM17<0,0) -> 0 | DP17: =CE17 -> Lateral Raise (RPT) [Trainer+] | DR17: =IF(ISNUMBER(DQ17),DQ17,MIN(MAX(IFS(EY17>0,CG17+1,EY17=0,CG17,EY17<0,CG17),1),$F17)) -> 4 | DT17: =IF(ISNUMBER(DS17),DS17,MIN(MAX(MIN(IFS(EY17>0,CI17*1.025,EY17=0,CI17,EY17<0,DG17*$D17),DG17*$E17),DG17*$D17),$G17)) -> 0 | DU17: =IF(ISNUMBER(DS17),DS17,MAX(MROUND(DT17,$H17),$H17)) -> 0.5 | DV17: 0 | EG17: {=IF(ISNUMBER(DW17),INDEX('hyper-reps-lookup-table'!$B$2:$AE$31,DW17,DV17+1)*DU17*(36/(37-(DW17+DV17))),0)} -> 0 | EH17: {=IF(ISNUMBER(DX17),INDEX('hyper-reps-lookup-table'!$B$2:$AE$31,DX17,DV17+1)*DU17*(36/(37-(DX17+DV17))),0)} -> 0 | EI17: {=IF(ISNUMBER(DY17),INDEX('hyper-reps-lookup-table'!$B$2:$AE$31,DY17,DV17+1)*DU17*(36/(37-(DY17+DV17))),0)} -> 0 | EJ17: {=IF(ISNUMBER(DZ17),INDEX('hyper-reps-lookup-table'!$B$2:$AE$31,DZ17,DV17+1)*DU17*(36/(37-(DZ17+DV17))),0)} -> 0 | EK17: {=IF(ISNUMBER(EA17),INDEX('hyper-reps-lookup-table'!$B$2:$AE$31,EA17,DV17+1)*DU17*(36/(37-(EA17+DV17))),0)} -> 0 | EL17: {=IF(ISNUMBER(EB17),INDEX('hyper-reps-lookup-table'!$B$2:$AE$31,EB17,DV17+1)*DU17*(36/(37-(EB17+DV17))),0)} -> 0 | EM17: {=IF(ISNUMBER(EC17),INDEX('hyper-reps-lookup-table'!$B$2:$AE$31,EC17,DV17+1)*DU17*(36/(37-(EC17+DV17))),0)} -> 0 | EN17: {=IF(ISNUMBER(ED17),INDEX('hyper-reps-lookup-table'!$B$2:$AE$31,ED17,DV17+1)*DU17*(36/(37-(ED17+DV17))),0)} -> 0 | EO17: {=IF(ISNUMBER(EE17),INDEX('hyper-reps-lookup-table'!$B$2:$AE$31,EE17,DV17+1)*DU17*(36/(37-(EE17+DV17))),0)} -> 0 | EP17: {=IF(ISNUMBER(EF17),INDEX('hyper-reps-lookup-table'!$B$2:$AE$31,EF17,DV17+1)*DU17*(36/(37-(EF17+DV17))),0)} -> 0 | EQ17: =IF(ER17>0,DU17/ER17,0%) -> 0 | ER17: =IF(ISNUMBER(DW17),DU17*(36/(37-(DW17+DV17))),0) -> 0 | ES17: =SUM(DW17:EF17)*DU17 -> 0 | ET17: =SUM(EG17:EP17) -> 0 | EU17: =MROUND(SUM(CV17:OFFSET(CV17,0,MIN(DR17,CG17)-1)),$H17) -> 0 | EV17: =MROUND(SUM(EG17:OFFSET(EG17,0,MIN(DR17,CG17)-1)),$H17) -> 0 | EW17: =DM35 -> 0 | EX17: =IF(AND(ISNUMBER(OFFSET(DW17,0,DR17-1)),DP17=CE17),IFS(EY17<0,0,EV17>EU17,1,EV17<EU17,-0.5,EV17=EU17,0),0) -> 0 | EY17: =DO35 -> 0 | EZ17: =IFS(EY17=-1,-2,EY17=-2,0,EX17>0,1,(EX17+EW17)=-1,-1,EX17=0,0,EX17<0,0) -> 0
B18: Rope Seated Face Pull (RPT) [Unica] | C18: 100 | D18: 0.8 | E18: 0.85 | F18: 4 | G18: 90 | H18: 2.5 | I18: =$B18 -> Rope Seated Face Pull (RPT) [Unica] | J18: =MAX(ROUND($F18*50%,0),1) -> 2 | K18: =IF(ISNUMBER(J18),J18,MAX(ROUND($F18,0),1)) -> 2 | M18: =IF(ISNUMBER(L18),L18,MIN(MAX(MROUND(C18*$D18,$H18),$H18),$G18)) -> 80 | N18: =M18 -> 80 | O18: 0 | Z18: {=IF(ISNUMBER(P18),INDEX('hyper-reps-lookup-table'!$B$2:$AE$31,P18,O18+1)*N18*(36/(37-(P18+O18))),0)} -> 0 | AA18: {=IF(ISNUMBER(Q18),INDEX('hyper-reps-lookup-table'!$B$2:$AE$31,Q18,O18+1)*N18*(36/(37-(Q18+O18))),0)} -> 0 | AB18: {=IF(ISNUMBER(R18),INDEX('hyper-reps-lookup-table'!$B$2:$AE$31,R18,O18+1)*N18*(36/(37-(R18+O18))),0)} -> 0 | AC18: {=IF(ISNUMBER(S18),INDEX('hyper-reps-lookup-table'!$B$2:$AE$31,S18,O18+1)*N18*(36/(37-(S18+O18))),0)} -> 0 | AD18: {=IF(ISNUMBER(T18),INDEX('hyper-reps-lookup-table'!$B$2:$AE$31,T18,O18+1)*N18*(36/(37-(T18+O18))),0)} -> 0 | AE18: {=IF(ISNUMBER(U18),INDEX('hyper-reps-lookup-table'!$B$2:$AE$31,U18,O18+1)*N18*(36/(37-(U18+O18))),0)} -> 0 | AF18: {=IF(ISNUMBER(V18),INDEX('hyper-reps-lookup-table'!$B$2:$AE$31,V18,O18+1)*N18*(36/(37-(V18+O18))),0)} -> 0 | AG18: {=IF(ISNUMBER(W18),INDEX('hyper-reps-lookup-table'!$B$2:$AE$31,W18,O18+1)*N18*(36/(37-(W18+O18))),0)} -> 0 | AH18: {=IF(ISNUMBER(X18),INDEX('hyper-reps-lookup-table'!$B$2:$AE$31,X18,O18+1)*N18*(36/(37-(X18+O18))),0)} -> 0 | AI18: {=IF(ISNUMBER(Y18),INDEX('hyper-reps-lookup-table'!$B$2:$AE$31,Y18,O18+1)*N18*(36/(37-(Y18+O18))),0)} -> 0 | AJ18: =IF(AK18>0,N18/AK18,0%) -> 0 | AK18: =IF(ISNUMBER(P18),N18*(36/(37-(P18+O18))),0) -> 0 | AL18: =SUM(P18:Y18)*N18 -> 0 | AM18: =SUM(Z18:AI18) -> 0 | AN18: 0 | AO18: 0 | AP18: 0 | AQ18: 0 | AR18: 0 | AS18: 0 | AT18: =I18 -> Rope Seated Face Pull (RPT) [Unica] | AU18: =MAX(ROUND($F18,0),1) -> 4 | AV18: =IF(ISNUMBER(AU18),AU18,MIN(MAX(IFS(CC18>0,K18+1,CC18=0,K18,CC18<0,K18),1),$F18)) -> 4 | AX18: =IF(ISNUMBER(AW18),AW18,MIN(MAX(MIN(IFS(CC18>0,M18*1.025,CC18=0,M18,CC18<0,AK18*$D18),AK18*$E18),AK18*$D18),$G18)) -> 0 | AY18: =IF(ISNUMBER(AW18),AW18,MAX(MROUND(AX18,$H18),$H18)) -> 2.5 | AZ18: 0 | BK18: {=IF(ISNUMBER(BA18),INDEX('hyper-reps-lookup-table'!$B$2:$AE$31,BA18,AZ18+1)*AY18*(36/(37-(BA18+AZ18))),0)} -> 0 | BL18: {=IF(ISNUMBER(BB18),INDEX('hyper-reps-lookup-table'!$B$2:$AE$31,BB18,AZ18+1)*AY18*(36/(37-(BB18+AZ18))),0)} -> 0 | BM18: {=IF(ISNUMBER(BC18),INDEX('hyper-reps-lookup-table'!$B$2:$AE$31,BC18,AZ18+1)*AY18*(36/(37-(BC18+AZ18))),0)} -> 0 | BN18: {=IF(ISNUMBER(BD18),INDEX('hyper-reps-lookup-table'!$B$2:$AE$31,BD18,AZ18+1)*AY18*(36/(37-(BD18+AZ18))),0)} -> 0 | BO18: {=IF(ISNUMBER(BE18),INDEX('hyper-reps-lookup-table'!$B$2:$AE$31,BE18,AZ18+1)*AY18*(36/(37-(BE18+AZ18))),0)} -> 0 | BP18: {=IF(ISNUMBER(BF18),INDEX('hyper-reps-lookup-table'!$B$2:$AE$31,BF18,AZ18+1)*AY18*(36/(37-(BF18+AZ18))),0)} -> 0 | BQ18: {=IF(ISNUMBER(BG18),INDEX('hyper-reps-lookup-table'!$B$2:$AE$31,BG18,AZ18+1)*AY18*(36/(37-(BG18+AZ18))),0)} -> 0 | BR18: {=IF(ISNUMBER(BH18),INDEX('hyper-reps-lookup-table'!$B$2:$AE$31,BH18,AZ18+1)*AY18*(36/(37-(BH18+AZ18))),0)} -> 0 | BS18: {=IF(ISNUMBER(BI18),INDEX('hyper-reps-lookup-table'!$B$2:$AE$31,BI18,AZ18+1)*AY18*(36/(37-(BI18+AZ18))),0)} -> 0 | BT18: {=IF(ISNUMBER(BJ18),INDEX('hyper-reps-lookup-table'!$B$2:$AE$31,BJ18,AZ18+1)*AY18*(36/(37-(BJ18+AZ18))),0)} -> 0 | BU18: =IF(BV18>0,AY18/BV18,0%) -> 0 | BV18: =IF(ISNUMBER(BA18),AY18*(36/(37-(BA18+AZ18))),0) -> 0 | BW18: =SUM(BA18:BJ18)*AY18 -> 0 | BX18: =SUM(BK18:BT18) -> 0 | BY18: =MROUND(SUM(Z18:OFFSET(Z18,0,MIN(AV18,K18)-1)),$H18) -> 0 | BZ18: =MROUND(SUM(BK18:OFFSET(BK18,0,MIN(AV18,K18)-1)),$H18) -> 0 | CA18: =AQ36 -> 0 | CB18: =IF(AND(ISNUMBER(OFFSET(BA18,0,AV18-1)),AT18=I18),IFS(CC18<0,0,BZ18>BY18,1,BZ18<BY18,-0.5,BZ18=BY18,0),0) -> 0 | CC18: =AS36 -> 0 | CD18: =IFS(CC18=-1,-2,CC18=-2,0,CB18>0,1,(CB18+CA18)=-1,-1,CB18=0,0,CB18<0,0) -> 0 | CE18: =AT18 -> Rope Seated Face Pull (RPT) [Unica] | CG18: =IF(ISNUMBER(CF18),CF18,MIN(MAX(IFS(DN18>0,AV18+1,DN18=0,AV18,DN18<0,AV18),1),$F18)) -> 4 | CI18: =IF(ISNUMBER(CH18),CH18,MIN(MAX(MIN(IFS(DN18>0,AX18*1.025,DN18=0,AX18,DN18<0,BV18*$D18),BV18*$E18),BV18*$D18),$G18)) -> 0 | CJ18: =IF(ISNUMBER(CH18),CH18,MAX(MROUND(CI18,$H18),$H18)) -> 2.5 | CK18: 0 | CV18: {=IF(ISNUMBER(CL18),INDEX('hyper-reps-lookup-table'!$B$2:$AE$31,CL18,CK18+1)*CJ18*(36/(37-(CL18+CK18))),0)} -> 0 | CW18: {=IF(ISNUMBER(CM18),INDEX('hyper-reps-lookup-table'!$B$2:$AE$31,CM18,CK18+1)*CJ18*(36/(37-(CM18+CK18))),0)} -> 0 | CX18: {=IF(ISNUMBER(CN18),INDEX('hyper-reps-lookup-table'!$B$2:$AE$31,CN18,CK18+1)*CJ18*(36/(37-(CN18+CK18))),0)} -> 0 | CY18: {=IF(ISNUMBER(CO18),INDEX('hyper-reps-lookup-table'!$B$2:$AE$31,CO18,CK18+1)*CJ18*(36/(37-(CO18+CK18))),0)} -> 0 | CZ18: {=IF(ISNUMBER(CP18),INDEX('hyper-reps-lookup-table'!$B$2:$AE$31,CP18,CK18+1)*CJ18*(36/(37-(CP18+CK18))),0)} -> 0 | DA18: {=IF(ISNUMBER(CQ18),INDEX('hyper-reps-lookup-table'!$B$2:$AE$31,CQ18,CK18+1)*CJ18*(36/(37-(CQ18+CK18))),0)} -> 0 | DB18: {=IF(ISNUMBER(CR18),INDEX('hyper-reps-lookup-table'!$B$2:$AE$31,CR18,CK18+1)*CJ18*(36/(37-(CR18+CK18))),0)} -> 0 | DC18: {=IF(ISNUMBER(CS18),INDEX('hyper-reps-lookup-table'!$B$2:$AE$31,CS18,CK18+1)*CJ18*(36/(37-(CS18+CK18))),0)} -> 0 | DD18: {=IF(ISNUMBER(CT18),INDEX('hyper-reps-lookup-table'!$B$2:$AE$31,CT18,CK18+1)*CJ18*(36/(37-(CT18+CK18))),0)} -> 0 | DE18: {=IF(ISNUMBER(CU18),INDEX('hyper-reps-lookup-table'!$B$2:$AE$31,CU18,CK18+1)*CJ18*(36/(37-(CU18+CK18))),0)} -> 0 | DF18: =IF(DG18>0,CJ18/DG18,0%) -> 0 | DG18: =IF(ISNUMBER(CL18),CJ18*(36/(37-(CL18+CK18))),0) -> 0 | DH18: =SUM(CL18:CU18)*CJ18 -> 0 | DI18: =SUM(CV18:DE18) -> 0 | DJ18: =MROUND(SUM(BK18:OFFSET(BK18,0,MIN(CG18,AV18)-1)),$H18) -> 0 | DK18: =MROUND(SUM(CV18:OFFSET(CV18,0,MIN(CG18,AV18)-1)),$H18) -> 0 | DL18: =CB36 -> 0 | DM18: =IF(AND(ISNUMBER(OFFSET(CL18,0,CG18-1)),CE18=AT18),IFS(DN18<0,0,DK18>DJ18,1,DK18<DJ18,-0.5,DK18=DJ18,0),0) -> 0 | DN18: =CD36 -> 0 | DO18: =IFS(DN18=-1,-2,DN18=-2,0,DM18>0,1,(DM18+DL18)=-1,-1,DM18=0,0,DM18<0,0) -> 0 | DP18: =CE18 -> Rope Seated Face Pull (RPT) [Unica] | DR18: =IF(ISNUMBER(DQ18),DQ18,MIN(MAX(IFS(EY18>0,CG18+1,EY18=0,CG18,EY18<0,CG18),1),$F18)) -> 4 | DT18: =IF(ISNUMBER(DS18),DS18,MIN(MAX(MIN(IFS(EY18>0,CI18*1.025,EY18=0,CI18,EY18<0,DG18*$D18),DG18*$E18),DG18*$D18),$G18)) -> 0 | DU18: =IF(ISNUMBER(DS18),DS18,MAX(MROUND(DT18,$H18),$H18)) -> 2.5 | DV18: 0 | EG18: {=IF(ISNUMBER(DW18),INDEX('hyper-reps-lookup-table'!$B$2:$AE$31,DW18,DV18+1)*DU18*(36/(37-(DW18+DV18))),0)} -> 0 | EH18: {=IF(ISNUMBER(DX18),INDEX('hyper-reps-lookup-table'!$B$2:$AE$31,DX18,DV18+1)*DU18*(36/(37-(DX18+DV18))),0)} -> 0 | EI18: {=IF(ISNUMBER(DY18),INDEX('hyper-reps-lookup-table'!$B$2:$AE$31,DY18,DV18+1)*DU18*(36/(37-(DY18+DV18))),0)} -> 0 | EJ18: {=IF(ISNUMBER(DZ18),INDEX('hyper-reps-lookup-table'!$B$2:$AE$31,DZ18,DV18+1)*DU18*(36/(37-(DZ18+DV18))),0)} -> 0 | EK18: {=IF(ISNUMBER(EA18),INDEX('hyper-reps-lookup-table'!$B$2:$AE$31,EA18,DV18+1)*DU18*(36/(37-(EA18+DV18))),0)} -> 0 | EL18: {=IF(ISNUMBER(EB18),INDEX('hyper-reps-lookup-table'!$B$2:$AE$31,EB18,DV18+1)*DU18*(36/(37-(EB18+DV18))),0)} -> 0 | EM18: {=IF(ISNUMBER(EC18),INDEX('hyper-reps-lookup-table'!$B$2:$AE$31,EC18,DV18+1)*DU18*(36/(37-(EC18+DV18))),0)} -> 0 | EN18: {=IF(ISNUMBER(ED18),INDEX('hyper-reps-lookup-table'!$B$2:$AE$31,ED18,DV18+1)*DU18*(36/(37-(ED18+DV18))),0)} -> 0 | EO18: {=IF(ISNUMBER(EE18),INDEX('hyper-reps-lookup-table'!$B$2:$AE$31,EE18,DV18+1)*DU18*(36/(37-(EE18+DV18))),0)} -> 0 | EP18: {=IF(ISNUMBER(EF18),INDEX('hyper-reps-lookup-table'!$B$2:$AE$31,EF18,DV18+1)*DU18*(36/(37-(EF18+DV18))),0)} -> 0 | EQ18: =IF(ER18>0,DU18/ER18,0%) -> 0 | ER18: =IF(ISNUMBER(DW18),DU18*(36/(37-(DW18+DV18))),0) -> 0 | ES18: =SUM(DW18:EF18)*DU18 -> 0 | ET18: =SUM(EG18:EP18) -> 0 | EU18: =MROUND(SUM(CV18:OFFSET(CV18,0,MIN(DR18,CG18)-1)),$H18) -> 0 | EV18: =MROUND(SUM(EG18:OFFSET(EG18,0,MIN(DR18,CG18)-1)),$H18) -> 0 | EW18: =DM36 -> 0 | EX18: =IF(AND(ISNUMBER(OFFSET(DW18,0,DR18-1)),DP18=CE18),IFS(EY18<0,0,EV18>EU18,1,EV18<EU18,-0.5,EV18=EU18,0),0) -> 0 | EY18: =DO36 -> 0 | EZ18: =IFS(EY18=-1,-2,EY18=-2,0,EX18>0,1,(EX18+EW18)=-1,-1,EX18=0,0,EX18<0,0) -> 0
B19: V-Bar Tricep Pushdown (RPT) [Unica] | C19: 100 | D19: 0.75 | E19: 0.8 | F19: 4 | G19: 90 | H19: 2.5 | I19: =$B19 -> V-Bar Tricep Pushdown (RPT) [Unica] | J19: =MAX(ROUND($F19*50%,0),1) -> 2 | K19: =IF(ISNUMBER(J19),J19,MAX(ROUND($F19,0),1)) -> 2 | M19: =IF(ISNUMBER(L19),L19,MIN(MAX(MROUND(C19*$D19,$H19),$H19),$G19)) -> 75 | N19: =M19 -> 75 | O19: 0 | Z19: {=IF(ISNUMBER(P19),INDEX('hyper-reps-lookup-table'!$B$2:$AE$31,P19,O19+1)*N19*(36/(37-(P19+O19))),0)} -> 0 | AA19: {=IF(ISNUMBER(Q19),INDEX('hyper-reps-lookup-table'!$B$2:$AE$31,Q19,O19+1)*N19*(36/(37-(Q19+O19))),0)} -> 0 | AB19: {=IF(ISNUMBER(R19),INDEX('hyper-reps-lookup-table'!$B$2:$AE$31,R19,O19+1)*N19*(36/(37-(R19+O19))),0)} -> 0 | AC19: {=IF(ISNUMBER(S19),INDEX('hyper-reps-lookup-table'!$B$2:$AE$31,S19,O19+1)*N19*(36/(37-(S19+O19))),0)} -> 0 | AD19: {=IF(ISNUMBER(T19),INDEX('hyper-reps-lookup-table'!$B$2:$AE$31,T19,O19+1)*N19*(36/(37-(T19+O19))),0)} -> 0 | AE19: {=IF(ISNUMBER(U19),INDEX('hyper-reps-lookup-table'!$B$2:$AE$31,U19,O19+1)*N19*(36/(37-(U19+O19))),0)} -> 0 | AF19: {=IF(ISNUMBER(V19),INDEX('hyper-reps-lookup-table'!$B$2:$AE$31,V19,O19+1)*N19*(36/(37-(V19+O19))),0)} -> 0 | AG19: {=IF(ISNUMBER(W19),INDEX('hyper-reps-lookup-table'!$B$2:$AE$31,W19,O19+1)*N19*(36/(37-(W19+O19))),0)} -> 0 | AH19: {=IF(ISNUMBER(X19),INDEX('hyper-reps-lookup-table'!$B$2:$AE$31,X19,O19+1)*N19*(36/(37-(X19+O19))),0)} -> 0 | AI19: {=IF(ISNUMBER(Y19),INDEX('hyper-reps-lookup-table'!$B$2:$AE$31,Y19,O19+1)*N19*(36/(37-(Y19+O19))),0)} -> 0 | AJ19: =IF(AK19>0,N19/AK19,0%) -> 0 | AK19: =IF(ISNUMBER(P19),N19*(36/(37-(P19+O19))),0) -> 0 | AL19: =SUM(P19:Y19)*N19 -> 0 | AM19: =SUM(Z19:AI19) -> 0 | AN19: 0 | AO19: 0 | AP19: 0 | AQ19: 0 | AR19: 0 | AS19: 0 | AT19: =I19 -> V-Bar Tricep Pushdown (RPT) [Unica] | AU19: =MAX(ROUND($F19,0),1) -> 4 | AV19: =IF(ISNUMBER(AU19),AU19,MIN(MAX(IFS(CC19>0,K19+1,CC19=0,K19,CC19<0,K19),1),$F19)) -> 4 | AX19: =IF(ISNUMBER(AW19),AW19,MIN(MAX(MIN(IFS(CC19>0,M19*1.025,CC19=0,M19,CC19<0,AK19*$D19),AK19*$E19),AK19*$D19),$G19)) -> 0 | AY19: =IF(ISNUMBER(AW19),AW19,MAX(MROUND(AX19,$H19),$H19)) -> 2.5 | AZ19: 0 | BK19: {=IF(ISNUMBER(BA19),INDEX('hyper-reps-lookup-table'!$B$2:$AE$31,BA19,AZ19+1)*AY19*(36/(37-(BA19+AZ19))),0)} -> 0 | BL19: {=IF(ISNUMBER(BB19),INDEX('hyper-reps-lookup-table'!$B$2:$AE$31,BB19,AZ19+1)*AY19*(36/(37-(BB19+AZ19))),0)} -> 0 | BM19: {=IF(ISNUMBER(BC19),INDEX('hyper-reps-lookup-table'!$B$2:$AE$31,BC19,AZ19+1)*AY19*(36/(37-(BC19+AZ19))),0)} -> 0 | BN19: {=IF(ISNUMBER(BD19),INDEX('hyper-reps-lookup-table'!$B$2:$AE$31,BD19,AZ19+1)*AY19*(36/(37-(BD19+AZ19))),0)} -> 0 | BO19: {=IF(ISNUMBER(BE19),INDEX('hyper-reps-lookup-table'!$B$2:$AE$31,BE19,AZ19+1)*AY19*(36/(37-(BE19+AZ19))),0)} -> 0 | BP19: {=IF(ISNUMBER(BF19),INDEX('hyper-reps-lookup-table'!$B$2:$AE$31,BF19,AZ19+1)*AY19*(36/(37-(BF19+AZ19))),0)} -> 0 | BQ19: {=IF(ISNUMBER(BG19),INDEX('hyper-reps-lookup-table'!$B$2:$AE$31,BG19,AZ19+1)*AY19*(36/(37-(BG19+AZ19))),0)} -> 0 | BR19: {=IF(ISNUMBER(BH19),INDEX('hyper-reps-lookup-table'!$B$2:$AE$31,BH19,AZ19+1)*AY19*(36/(37-(BH19+AZ19))),0)} -> 0 | BS19: {=IF(ISNUMBER(BI19),INDEX('hyper-reps-lookup-table'!$B$2:$AE$31,BI19,AZ19+1)*AY19*(36/(37-(BI19+AZ19))),0)} -> 0 | BT19: {=IF(ISNUMBER(BJ19),INDEX('hyper-reps-lookup-table'!$B$2:$AE$31,BJ19,AZ19+1)*AY19*(36/(37-(BJ19+AZ19))),0)} -> 0 | BU19: =IF(BV19>0,AY19/BV19,0%) -> 0 | BV19: =IF(ISNUMBER(BA19),AY19*(36/(37-(BA19+AZ19))),0) -> 0 | BW19: =SUM(BA19:BJ19)*AY19 -> 0 | BX19: =SUM(BK19:BT19) -> 0 | BY19: =MROUND(SUM(Z19:OFFSET(Z19,0,MIN(AV19,K19)-1)),$H19) -> 0 | BZ19: =MROUND(SUM(BK19:OFFSET(BK19,0,MIN(AV19,K19)-1)),$H19) -> 0 | CA19: =AQ37 -> 0 | CB19: =IF(AND(ISNUMBER(OFFSET(BA19,0,AV19-1)),AT19=I19),IFS(CC19<0,0,BZ19>BY19,1,BZ19<BY19,-0.5,BZ19=BY19,0),0) -> 0 | CC19: =AS37 -> 0 | CD19: =IFS(CC19=-1,-2,CC19=-2,0,CB19>0,1,(CB19+CA19)=-1,-1,CB19=0,0,CB19<0,0) -> 0 | CE19: =AT19 -> V-Bar Tricep Pushdown (RPT) [Unica] | CG19: =IF(ISNUMBER(CF19),CF19,MIN(MAX(IFS(DN19>0,AV19+1,DN19=0,AV19,DN19<0,AV19),1),$F19)) -> 4 | CI19: =IF(ISNUMBER(CH19),CH19,MIN(MAX(MIN(IFS(DN19>0,AX19*1.025,DN19=0,AX19,DN19<0,BV19*$D19),BV19*$E19),BV19*$D19),$G19)) -> 0 | CJ19: =IF(ISNUMBER(CH19),CH19,MAX(MROUND(CI19,$H19),$H19)) -> 2.5 | CK19: 0 | CV19: {=IF(ISNUMBER(CL19),INDEX('hyper-reps-lookup-table'!$B$2:$AE$31,CL19,CK19+1)*CJ19*(36/(37-(CL19+CK19))),0)} -> 0 | CW19: {=IF(ISNUMBER(CM19),INDEX('hyper-reps-lookup-table'!$B$2:$AE$31,CM19,CK19+1)*CJ19*(36/(37-(CM19+CK19))),0)} -> 0 | CX19: {=IF(ISNUMBER(CN19),INDEX('hyper-reps-lookup-table'!$B$2:$AE$31,CN19,CK19+1)*CJ19*(36/(37-(CN19+CK19))),0)} -> 0 | CY19: {=IF(ISNUMBER(CO19),INDEX('hyper-reps-lookup-table'!$B$2:$AE$31,CO19,CK19+1)*CJ19*(36/(37-(CO19+CK19))),0)} -> 0 | CZ19: {=IF(ISNUMBER(CP19),INDEX('hyper-reps-lookup-table'!$B$2:$AE$31,CP19,CK19+1)*CJ19*(36/(37-(CP19+CK19))),0)} -> 0 | DA19: {=IF(ISNUMBER(CQ19),INDEX('hyper-reps-lookup-table'!$B$2:$AE$31,CQ19,CK19+1)*CJ19*(36/(37-(CQ19+CK19))),0)} -> 0 | DB19: {=IF(ISNUMBER(CR19),INDEX('hyper-reps-lookup-table'!$B$2:$AE$31,CR19,CK19+1)*CJ19*(36/(37-(CR19+CK19))),0)} -> 0 | DC19: {=IF(ISNUMBER(CS19),INDEX('hyper-reps-lookup-table'!$B$2:$AE$31,CS19,CK19+1)*CJ19*(36/(37-(CS19+CK19))),0)} -> 0 | DD19: {=IF(ISNUMBER(CT19),INDEX('hyper-reps-lookup-table'!$B$2:$AE$31,CT19,CK19+1)*CJ19*(36/(37-(CT19+CK19))),0)} -> 0 | DE19: {=IF(ISNUMBER(CU19),INDEX('hyper-reps-lookup-table'!$B$2:$AE$31,CU19,CK19+1)*CJ19*(36/(37-(CU19+CK19))),0)} -> 0 | DF19: =IF(DG19>0,CJ19/DG19,0%) -> 0 | DG19: =IF(ISNUMBER(CL19),CJ19*(36/(37-(CL19+CK19))),0) -> 0 | DH19: =SUM(CL19:CU19)*CJ19 -> 0 | DI19: =SUM(CV19:DE19) -> 0 | DJ19: =MROUND(SUM(BK19:OFFSET(BK19,0,MIN(CG19,AV19)-1)),$H19) -> 0 | DK19: =MROUND(SUM(CV19:OFFSET(CV19,0,MIN(CG19,AV19)-1)),$H19) -> 0 | DL19: =CB37 -> 0 | DM19: =IF(AND(ISNUMBER(OFFSET(CL19,0,CG19-1)),CE19=AT19),IFS(DN19<0,0,DK19>DJ19,1,DK19<DJ19,-0.5,DK19=DJ19,0),0) -> 0 | DN19: =CD37 -> 0 | DO19: =IFS(DN19=-1,-2,DN19=-2,0,DM19>0,1,(DM19+DL19)=-1,-1,DM19=0,0,DM19<0,0) -> 0 | DP19: =CE19 -> V-Bar Tricep Pushdown (RPT) [Unica] | DR19: =IF(ISNUMBER(DQ19),DQ19,MIN(MAX(IFS(EY19>0,CG19+1,EY19=0,CG19,EY19<0,CG19),1),$F19)) -> 4 | DT19: =IF(ISNUMBER(DS19),DS19,MIN(MAX(MIN(IFS(EY19>0,CI19*1.025,EY19=0,CI19,EY19<0,DG19*$D19),DG19*$E19),DG19*$D19),$G19)) -> 0 | DU19: =IF(ISNUMBER(DS19),DS19,MAX(MROUND(DT19,$H19),$H19)) -> 2.5 | DV19: 0 | EG19: {=IF(ISNUMBER(DW19),INDEX('hyper-reps-lookup-table'!$B$2:$AE$31,DW19,DV19+1)*DU19*(36/(37-(DW19+DV19))),0)} -> 0 | EH19: {=IF(ISNUMBER(DX19),INDEX('hyper-reps-lookup-table'!$B$2:$AE$31,DX19,DV19+1)*DU19*(36/(37-(DX19+DV19))),0)} -> 0 | EI19: {=IF(ISNUMBER(DY19),INDEX('hyper-reps-lookup-table'!$B$2:$AE$31,DY19,DV19+1)*DU19*(36/(37-(DY19+DV19))),0)} -> 0 | EJ19: {=IF(ISNUMBER(DZ19),INDEX('hyper-reps-lookup-table'!$B$2:$AE$31,DZ19,DV19+1)*DU19*(36/(37-(DZ19+DV19))),0)} -> 0 | EK19: {=IF(ISNUMBER(EA19),INDEX('hyper-reps-lookup-table'!$B$2:$AE$31,EA19,DV19+1)*DU19*(36/(37-(EA19+DV19))),0)} -> 0 | EL19: {=IF(ISNUMBER(EB19),INDEX('hyper-reps-lookup-table'!$B$2:$AE$31,EB19,DV19+1)*DU19*(36/(37-(EB19+DV19))),0)} -> 0 | EM19: {=IF(ISNUMBER(EC19),INDEX('hyper-reps-lookup-table'!$B$2:$AE$31,EC19,DV19+1)*DU19*(36/(37-(EC19+DV19))),0)} -> 0 | EN19: {=IF(ISNUMBER(ED19),INDEX('hyper-reps-lookup-table'!$B$2:$AE$31,ED19,DV19+1)*DU19*(36/(37-(ED19+DV19))),0)} -> 0 | EO19: {=IF(ISNUMBER(EE19),INDEX('hyper-reps-lookup-table'!$B$2:$AE$31,EE19,DV19+1)*DU19*(36/(37-(EE19+DV19))),0)} -> 0 | EP19: {=IF(ISNUMBER(EF19),INDEX('hyper-reps-lookup-table'!$B$2:$AE$31,EF19,DV19+1)*DU19*(36/(37-(EF19+DV19))),0)} -> 0 | EQ19: =IF(ER19>0,DU19/ER19,0%) -> 0 | ER19: =IF(ISNUMBER(DW19),DU19*(36/(37-(DW19+DV19))),0) -> 0 | ES19: =SUM(DW19:EF19)*DU19 -> 0 | ET19: =SUM(EG19:EP19) -> 0 | EU19: =MROUND(SUM(CV19:OFFSET(CV19,0,MIN(DR19,CG19)-1)),$H19) -> 0 | EV19: =MROUND(SUM(EG19:OFFSET(EG19,0,MIN(DR19,CG19)-1)),$H19) -> 0 | EW19: =DM37 -> 0 | EX19: =IF(AND(ISNUMBER(OFFSET(DW19,0,DR19-1)),DP19=CE19),IFS(EY19<0,0,EV19>EU19,1,EV19<EU19,-0.5,EV19=EU19,0),0) -> 0 | EY19: =DO37 -> 0 | EZ19: =IFS(EY19=-1,-2,EY19=-2,0,EX19>0,1,(EX19+EW19)=-1,-1,EX19=0,0,EX19<0,0) -> 0
B20: Seated Bicep Curl (RPT) [Trainer+] | C20: 100 | D20: 0.75 | E20: 0.8 | F20: 4 | G20: 180 | H20: 0.5 | I20: =$B20 -> Seated Bicep Curl (RPT) [Trainer+] | J20: =MAX(ROUND($F20*50%,0),1) -> 2 | K20: =IF(ISNUMBER(J20),J20,MAX(ROUND($F20,0),1)) -> 2 | M20: =IF(ISNUMBER(L20),L20,MIN(MAX(MROUND(C20*$D20,$H20),$H20),$G20)) -> 75 | N20: =M20 -> 75 | O20: 0 | Z20: {=IF(ISNUMBER(P20),INDEX('hyper-reps-lookup-table'!$B$2:$AE$31,P20,O20+1)*N20*(36/(37-(P20+O20))),0)} -> 0 | AA20: {=IF(ISNUMBER(Q20),INDEX('hyper-reps-lookup-table'!$B$2:$AE$31,Q20,O20+1)*N20*(36/(37-(Q20+O20))),0)} -> 0 | AB20: {=IF(ISNUMBER(R20),INDEX('hyper-reps-lookup-table'!$B$2:$AE$31,R20,O20+1)*N20*(36/(37-(R20+O20))),0)} -> 0 | AC20: {=IF(ISNUMBER(S20),INDEX('hyper-reps-lookup-table'!$B$2:$AE$31,S20,O20+1)*N20*(36/(37-(S20+O20))),0)} -> 0 | AD20: {=IF(ISNUMBER(T20),INDEX('hyper-reps-lookup-table'!$B$2:$AE$31,T20,O20+1)*N20*(36/(37-(T20+O20))),0)} -> 0 | AE20: {=IF(ISNUMBER(U20),INDEX('hyper-reps-lookup-table'!$B$2:$AE$31,U20,O20+1)*N20*(36/(37-(U20+O20))),0)} -> 0 | AF20: {=IF(ISNUMBER(V20),INDEX('hyper-reps-lookup-table'!$B$2:$AE$31,V20,O20+1)*N20*(36/(37-(V20+O20))),0)} -> 0 | AG20: {=IF(ISNUMBER(W20),INDEX('hyper-reps-lookup-table'!$B$2:$AE$31,W20,O20+1)*N20*(36/(37-(W20+O20))),0)} -> 0 | AH20: {=IF(ISNUMBER(X20),INDEX('hyper-reps-lookup-table'!$B$2:$AE$31,X20,O20+1)*N20*(36/(37-(X20+O20))),0)} -> 0 | AI20: {=IF(ISNUMBER(Y20),INDEX('hyper-reps-lookup-table'!$B$2:$AE$31,Y20,O20+1)*N20*(36/(37-(Y20+O20))),0)} -> 0 | AJ20: =IF(AK20>0,N20/AK20,0%) -> 0 | AK20: =IF(ISNUMBER(P20),N20*(36/(37-(P20+O20))),0) -> 0 | AL20: =SUM(P20:Y20)*N20 -> 0 | AM20: =SUM(Z20:AI20) -> 0 | AN20: 0 | AO20: 0 | AP20: 0 | AQ20: 0 | AR20: 0 | AS20: 0 | AT20: =I20 -> Seated Bicep Curl (RPT) [Trainer+] | AU20: =MAX(ROUND($F20,0),1) -> 4 | AV20: =IF(ISNUMBER(AU20),AU20,MIN(MAX(IFS(CC20>0,K20+1,CC20=0,K20,CC20<0,K20),1),$F20)) -> 4 | AX20: =IF(ISNUMBER(AW20),AW20,MIN(MAX(MIN(IFS(CC20>0,M20*1.025,CC20=0,M20,CC20<0,AK20*$D20),AK20*$E20),AK20*$D20),$G20)) -> 0 | AY20: =IF(ISNUMBER(AW20),AW20,MAX(MROUND(AX20,$H20),$H20)) -> 0.5 | AZ20: 0 | BK20: {=IF(ISNUMBER(BA20),INDEX('hyper-reps-lookup-table'!$B$2:$AE$31,BA20,AZ20+1)*AY20*(36/(37-(BA20+AZ20))),0)} -> 0 | BL20: {=IF(ISNUMBER(BB20),INDEX('hyper-reps-lookup-table'!$B$2:$AE$31,BB20,AZ20+1)*AY20*(36/(37-(BB20+AZ20))),0)} -> 0 | BM20: {=IF(ISNUMBER(BC20),INDEX('hyper-reps-lookup-table'!$B$2:$AE$31,BC20,AZ20+1)*AY20*(36/(37-(BC20+AZ20))),0)} -> 0 | BN20: {=IF(ISNUMBER(BD20),INDEX('hyper-reps-lookup-table'!$B$2:$AE$31,BD20,AZ20+1)*AY20*(36/(37-(BD20+AZ20))),0)} -> 0 | BO20: {=IF(ISNUMBER(BE20),INDEX('hyper-reps-lookup-table'!$B$2:$AE$31,BE20,AZ20+1)*AY20*(36/(37-(BE20+AZ20))),0)} -> 0 | BP20: {=IF(ISNUMBER(BF20),INDEX('hyper-reps-lookup-table'!$B$2:$AE$31,BF20,AZ20+1)*AY20*(36/(37-(BF20+AZ20))),0)} -> 0 | BQ20: {=IF(ISNUMBER(BG20),INDEX('hyper-reps-lookup-table'!$B$2:$AE$31,BG20,AZ20+1)*AY20*(36/(37-(BG20+AZ20))),0)} -> 0 | BR20: {=IF(ISNUMBER(BH20),INDEX('hyper-reps-lookup-table'!$B$2:$AE$31,BH20,AZ20+1)*AY20*(36/(37-(BH20+AZ20))),0)} -> 0 | BS20: {=IF(ISNUMBER(BI20),INDEX('hyper-reps-lookup-table'!$B$2:$AE$31,BI20,AZ20+1)*AY20*(36/(37-(BI20+AZ20))),0)} -> 0 | BT20: {=IF(ISNUMBER(BJ20),INDEX('hyper-reps-lookup-table'!$B$2:$AE$31,BJ20,AZ20+1)*AY20*(36/(37-(BJ20+AZ20))),0)} -> 0 | BU20: =IF(BV20>0,AY20/BV20,0%) -> 0 | BV20: =IF(ISNUMBER(BA20),AY20*(36/(37-(BA20+AZ20))),0) -> 0 | BW20: =SUM(BA20:BJ20)*AY20 -> 0 | BX20: =SUM(BK20:BT20) -> 0 | BY20: =MROUND(SUM(Z20:OFFSET(Z20,0,MIN(AV20,K20)-1)),$H20) -> 0 | BZ20: =MROUND(SUM(BK20:OFFSET(BK20,0,MIN(AV20,K20)-1)),$H20) -> 0 | CA20: =AQ38 -> 0 | CB20: =IF(AND(ISNUMBER(OFFSET(BA20,0,AV20-1)),AT20=I20),IFS(CC20<0,0,BZ20>BY20,1,BZ20<BY20,-0.5,BZ20=BY20,0),0) -> 0 | CC20: =AS38 -> 0 | CD20: =IFS(CC20=-1,-2,CC20=-2,0,CB20>0,1,(CB20+CA20)=-1,-1,CB20=0,0,CB20<0,0) -> 0 | CE20: =AT20 -> Seated Bicep Curl (RPT) [Trainer+] | CG20: =IF(ISNUMBER(CF20),CF20,MIN(MAX(IFS(DN20>0,AV20+1,DN20=0,AV20,DN20<0,AV20),1),$F20)) -> 4 | CI20: =IF(ISNUMBER(CH20),CH20,MIN(MAX(MIN(IFS(DN20>0,AX20*1.025,DN20=0,AX20,DN20<0,BV20*$D20),BV20*$E20),BV20*$D20),$G20)) -> 0 | CJ20: =IF(ISNUMBER(CH20),CH20,MAX(MROUND(CI20,$H20),$H20)) -> 0.5 | CK20: 0 | CV20: {=IF(ISNUMBER(CL20),INDEX('hyper-reps-lookup-table'!$B$2:$AE$31,CL20,CK20+1)*CJ20*(36/(37-(CL20+CK20))),0)} -> 0 | CW20: {=IF(ISNUMBER(CM20),INDEX('hyper-reps-lookup-table'!$B$2:$AE$31,CM20,CK20+1)*CJ20*(36/(37-(CM20+CK20))),0)} -> 0 | CX20: {=IF(ISNUMBER(CN20),INDEX('hyper-reps-lookup-table'!$B$2:$AE$31,CN20,CK20+1)*CJ20*(36/(37-(CN20+CK20))),0)} -> 0 | CY20: {=IF(ISNUMBER(CO20),INDEX('hyper-reps-lookup-table'!$B$2:$AE$31,CO20,CK20+1)*CJ20*(36/(37-(CO20+CK20))),0)} -> 0 | CZ20: {=IF(ISNUMBER(CP20),INDEX('hyper-reps-lookup-table'!$B$2:$AE$31,CP20,CK20+1)*CJ20*(36/(37-(CP20+CK20))),0)} -> 0 | DA20: {=IF(ISNUMBER(CQ20),INDEX('hyper-reps-lookup-table'!$B$2:$AE$31,CQ20,CK20+1)*CJ20*(36/(37-(CQ20+CK20))),0)} -> 0 | DB20: {=IF(ISNUMBER(CR20),INDEX('hyper-reps-lookup-table'!$B$2:$AE$31,CR20,CK20+1)*CJ20*(36/(37-(CR20+CK20))),0)} -> 0 | DC20: {=IF(ISNUMBER(CS20),INDEX('hyper-reps-lookup-table'!$B$2:$AE$31,CS20,CK20+1)*CJ20*(36/(37-(CS20+CK20))),0)} -> 0 | DD20: {=IF(ISNUMBER(CT20),INDEX('hyper-reps-lookup-table'!$B$2:$AE$31,CT20,CK20+1)*CJ20*(36/(37-(CT20+CK20))),0)} -> 0 | DE20: {=IF(ISNUMBER(CU20),INDEX('hyper-reps-lookup-table'!$B$2:$AE$31,CU20,CK20+1)*CJ20*(36/(37-(CU20+CK20))),0)} -> 0 | DF20: =IF(DG20>0,CJ20/DG20,0%) -> 0 | DG20: =IF(ISNUMBER(CL20),CJ20*(36/(37-(CL20+CK20))),0) -> 0 | DH20: =SUM(CL20:CU20)*CJ20 -> 0 | DI20: =SUM(CV20:DE20) -> 0 | DJ20: =MROUND(SUM(BK20:OFFSET(BK20,0,MIN(CG20,AV20)-1)),$H20) -> 0 | DK20: =MROUND(SUM(CV20:OFFSET(CV20,0,MIN(CG20,AV20)-1)),$H20) -> 0 | DL20: =CB38 -> 0 | DM20: =IF(AND(ISNUMBER(OFFSET(CL20,0,CG20-1)),CE20=AT20),IFS(DN20<0,0,DK20>DJ20,1,DK20<DJ20,-0.5,DK20=DJ20,0),0) -> 0 | DN20: =CD38 -> 0 | DO20: =IFS(DN20=-1,-2,DN20=-2,0,DM20>0,1,(DM20+DL20)=-1,-1,DM20=0,0,DM20<0,0) -> 0 | DP20: =CE20 -> Seated Bicep Curl (RPT) [Trainer+] | DR20: =IF(ISNUMBER(DQ20),DQ20,MIN(MAX(IFS(EY20>0,CG20+1,EY20=0,CG20,EY20<0,CG20),1),$F20)) -> 4 | DT20: =IF(ISNUMBER(DS20),DS20,MIN(MAX(MIN(IFS(EY20>0,CI20*1.025,EY20=0,CI20,EY20<0,DG20*$D20),DG20*$E20),DG20*$D20),$G20)) -> 0 | DU20: =IF(ISNUMBER(DS20),DS20,MAX(MROUND(DT20,$H20),$H20)) -> 0.5 | DV20: 0 | EG20: {=IF(ISNUMBER(DW20),INDEX('hyper-reps-lookup-table'!$B$2:$AE$31,DW20,DV20+1)*DU20*(36/(37-(DW20+DV20))),0)} -> 0 | EH20: {=IF(ISNUMBER(DX20),INDEX('hyper-reps-lookup-table'!$B$2:$AE$31,DX20,DV20+1)*DU20*(36/(37-(DX20+DV20))),0)} -> 0 | EI20: {=IF(ISNUMBER(DY20),INDEX('hyper-reps-lookup-table'!$B$2:$AE$31,DY20,DV20+1)*DU20*(36/(37-(DY20+DV20))),0)} -> 0 | EJ20: {=IF(ISNUMBER(DZ20),INDEX('hyper-reps-lookup-table'!$B$2:$AE$31,DZ20,DV20+1)*DU20*(36/(37-(DZ20+DV20))),0)} -> 0 | EK20: {=IF(ISNUMBER(EA20),INDEX('hyper-reps-lookup-table'!$B$2:$AE$31,EA20,DV20+1)*DU20*(36/(37-(EA20+DV20))),0)} -> 0 | EL20: {=IF(ISNUMBER(EB20),INDEX('hyper-reps-lookup-table'!$B$2:$AE$31,EB20,DV20+1)*DU20*(36/(37-(EB20+DV20))),0)} -> 0 | EM20: {=IF(ISNUMBER(EC20),INDEX('hyper-reps-lookup-table'!$B$2:$AE$31,EC20,DV20+1)*DU20*(36/(37-(EC20+DV20))),0)} -> 0 | EN20: {=IF(ISNUMBER(ED20),INDEX('hyper-reps-lookup-table'!$B$2:$AE$31,ED20,DV20+1)*DU20*(36/(37-(ED20+DV20))),0)} -> 0 | EO20: {=IF(ISNUMBER(EE20),INDEX('hyper-reps-lookup-table'!$B$2:$AE$31,EE20,DV20+1)*DU20*(36/(37-(EE20+DV20))),0)} -> 0 | EP20: {=IF(ISNUMBER(EF20),INDEX('hyper-reps-lookup-table'!$B$2:$AE$31,EF20,DV20+1)*DU20*(36/(37-(EF20+DV20))),0)} -> 0 | EQ20: =IF(ER20>0,DU20/ER20,0%) -> 0 | ER20: =IF(ISNUMBER(DW20),DU20*(36/(37-(DW20+DV20))),0) -> 0 | ES20: =SUM(DW20:EF20)*DU20 -> 0 | ET20: =SUM(EG20:EP20) -> 0 | EU20: =MROUND(SUM(CV20:OFFSET(CV20,0,MIN(DR20,CG20)-1)),$H20) -> 0 | EV20: =MROUND(SUM(EG20:OFFSET(EG20,0,MIN(DR20,CG20)-1)),$H20) -> 0 | EW20: =DM38 -> 0 | EX20: =IF(AND(ISNUMBER(OFFSET(DW20,0,DR20-1)),DP20=CE20),IFS(EY20<0,0,EV20>EU20,1,EV20<EU20,-0.5,EV20=EU20,0),0) -> 0 | EY20: =DO38 -> 0 | EZ20: =IFS(EY20=-1,-2,EY20=-2,0,EX20>0,1,(EX20+EW20)=-1,-1,EX20=0,0,EX20<0,0) -> 0
B21: Rest one day between day 2 and the next day 3 | I21: =I3 -> Week 1 | AT21: =AT10 -> Week 2 | CE21: =CE10 -> Week 3 | DP21: =DP10 -> Week 4
I22: Exercise | J22: Sets Ovr | K22: Sets | L22: Wt Ovr | M22: Est Wt | N22: Weight | O22: RIR | P22: Rep Results | Z22: HVL | AJ22: % e1RM | AK22: e1RM | AL22: VL | AM22: HVL | AN22: cHVL-1 | AO22: cHVL | AP22: Score-1 | AQ22: Score | AR22: Rating-1 | AS22: Rating | AT22: Exercise | AU22: Sets Ovr | AV22: Sets | AW22: Wt Ovr | AX22: Est Wt | AY22: Weight | AZ22: RIR | BA22: Rep Results | BK22: HVL | BU22: % e1RM | BV22: e1RM | BW22: VL | BX22: HVL | BY22: cHVL-1 | BZ22: cHVL | CA22: Score-1 | CB22: Score | CC22: Rating-1 | CD22: Rating | CE22: Exercise | CF22: Sets Ovr | CG22: Sets | CH22: Wt Ovr | CI22: Est Wt | CJ22: Weight | CK22: RIR | CL22: Rep Results | CV22: HVL | DF22: % e1RM | DG22: e1RM | DH22: VL | DI22: HVL | DJ22: cHVL-1 | DK22: cHVL | DL22: Score-1 | DM22: Score | DN22: Rating-1 | DO22: Rating | DP22: Exercise | DQ22: Sets Ovr | DR22: Sets | DS22: Wt Ovr | DT22: Est Wt | DU22: Weight | DV22: RIR | DW22: Rep Results | EG22: HVL | EQ22: % e1RM | ER22: e1RM | ES22: VL | ET22: HVL | EU22: cHVL-1 | EV22: cHVL | EW22: Score-1 | EX22: Score | EY22: Rating-1 | EZ22: Rating
B23: Workout | C23: 1RM | D23: MIN (1RM) | E23: MAX (1RM) | F23: MAX (Sets) | G23: MAX (Weight) | H23: Multiple | I23: Day 3: | AT23: Day 3: | CE23: Day 3: | DP23: Day 3:
B24: Low Cable Squat [Trainer+] | C24: 100 | D24: 0.8 | E24: 0.85 | F24: 3 | G24: 180 | H24: 0.5 | I24: =$B24 -> Low Cable Squat [Trainer+] | J24: =MAX(ROUND($F24*75%,0),1) -> 2 | K24: =IF(ISNUMBER(J24),J24,MAX(ROUND($F24,0),1)) -> 2 | M24: =IF(ISNUMBER(L24),L24,MIN(MAX(MROUND(C24*$D24,$H24),$H24),$G24)) -> 80 | N24: =M24 -> 80 | O24: 0 | Z24: {=IF(ISNUMBER(P24),INDEX('hyper-reps-lookup-table'!$B$2:$AE$31,P24,O24+1)*N24*(36/(37-(P24+O24))),0)} -> 0 | AA24: {=IF(ISNUMBER(Q24),INDEX('hyper-reps-lookup-table'!$B$2:$AE$31,Q24,O24+1)*N24*(36/(37-(Q24+O24))),0)} -> 0 | AB24: {=IF(ISNUMBER(R24),INDEX('hyper-reps-lookup-table'!$B$2:$AE$31,R24,O24+1)*N24*(36/(37-(R24+O24))),0)} -> 0 | AC24: {=IF(ISNUMBER(S24),INDEX('hyper-reps-lookup-table'!$B$2:$AE$31,S24,O24+1)*N24*(36/(37-(S24+O24))),0)} -> 0 | AD24: {=IF(ISNUMBER(T24),INDEX('hyper-reps-lookup-table'!$B$2:$AE$31,T24,O24+1)*N24*(36/(37-(T24+O24))),0)} -> 0 | AE24: {=IF(ISNUMBER(U24),INDEX('hyper-reps-lookup-table'!$B$2:$AE$31,U24,O24+1)*N24*(36/(37-(U24+O24))),0)} -> 0 | AF24: {=IF(ISNUMBER(V24),INDEX('hyper-reps-lookup-table'!$B$2:$AE$31,V24,O24+1)*N24*(36/(37-(V24+O24))),0)} -> 0 | AG24: {=IF(ISNUMBER(W24),INDEX('hyper-reps-lookup-table'!$B$2:$AE$31,W24,O24+1)*N24*(36/(37-(W24+O24))),0)} -> 0 | AH24: {=IF(ISNUMBER(X24),INDEX('hyper-reps-lookup-table'!$B$2:$AE$31,X24,O24+1)*N24*(36/(37-(X24+O24))),0)} -> 0 | AI24: {=IF(ISNUMBER(Y24),INDEX('hyper-reps-lookup-table'!$B$2:$AE$31,Y24,O24+1)*N24*(36/(37-(Y24+O24))),0)} -> 0 | AJ24: =IF(AK24>0,N24/AK24,0%) -> 0 | AK24: =IF(ISNUMBER(P24),N24*(36/(37-(P24+O24))),0) -> 0 | AL24: =SUM(P24:Y24)*N24 -> 0 | AM24: =SUM(Z24:AI24) -> 0 | AN24: 0 | AO24: 0 | AP24: 0 | AQ24: 0 | AR24: 0 | AS24: 0 | AT24: =I24 -> Low Cable Squat [Trainer+] | AU24: =MAX(ROUND($F24,0),1) -> 3 | AV24: =IF(ISNUMBER(AU24),AU24,MIN(MAX(IFS(CC24>0,K24+1,CC24=0,K24,CC24<0,K24),1),$F24)) -> 3 | AX24: =IF(ISNUMBER(AW24),AW24,MIN(MAX(MIN(IFS(CC24>0,M24*1.025,CC24=0,M24,CC24<0,AK24*$D24),AK24*$E24),AK24*$D24),$G24)) -> 0 | AY24: =IF(ISNUMBER(AW24),AW24,MAX(MROUND(AX24,$H24),$H24)) -> 0.5 | AZ24: 0 | BK24: {=IF(ISNUMBER(BA24),INDEX('hyper-reps-lookup-table'!$B$2:$AE$31,BA24,AZ24+1)*AY24*(36/(37-(BA24+AZ24))),0)} -> 0 | BL24: {=IF(ISNUMBER(BB24),INDEX('hyper-reps-lookup-table'!$B$2:$AE$31,BB24,AZ24+1)*AY24*(36/(37-(BB24+AZ24))),0)} -> 0 | BM24: {=IF(ISNUMBER(BC24),INDEX('hyper-reps-lookup-table'!$B$2:$AE$31,BC24,AZ24+1)*AY24*(36/(37-(BC24+AZ24))),0)} -> 0 | BN24: {=IF(ISNUMBER(BD24),INDEX('hyper-reps-lookup-table'!$B$2:$AE$31,BD24,AZ24+1)*AY24*(36/(37-(BD24+AZ24))),0)} -> 0 | BO24: {=IF(ISNUMBER(BE24),INDEX('hyper-reps-lookup-table'!$B$2:$AE$31,BE24,AZ24+1)*AY24*(36/(37-(BE24+AZ24))),0)} -> 0 | BP24: {=IF(ISNUMBER(BF24),INDEX('hyper-reps-lookup-table'!$B$2:$AE$31,BF24,AZ24+1)*AY24*(36/(37-(BF24+AZ24))),0)} -> 0 | BQ24: {=IF(ISNUMBER(BG24),INDEX('hyper-reps-lookup-table'!$B$2:$AE$31,BG24,AZ24+1)*AY24*(36/(37-(BG24+AZ24))),0)} -> 0 | BR24: {=IF(ISNUMBER(BH24),INDEX('hyper-reps-lookup-table'!$B$2:$AE$31,BH24,AZ24+1)*AY24*(36/(37-(BH24+AZ24))),0)} -> 0 | BS24: {=IF(ISNUMBER(BI24),INDEX('hyper-reps-lookup-table'!$B$2:$AE$31,BI24,AZ24+1)*AY24*(36/(37-(BI24+AZ24))),0)} -> 0 | BT24: {=IF(ISNUMBER(BJ24),INDEX('hyper-reps-lookup-table'!$B$2:$AE$31,BJ24,AZ24+1)*AY24*(36/(37-(BJ24+AZ24))),0)} -> 0 | BU24: =IF(BV24>0,AY24/BV24,0%) -> 0 | BV24: =IF(ISNUMBER(BA24),AY24*(36/(37-(BA24+AZ24))),0) -> 0 | BW24: =SUM(BA24:BJ24)*AY24 -> 0 | BX24: =SUM(BK24:BT24) -> 0 | BY24: =MROUND(SUM(Z24:OFFSET(Z24,0,MIN(AV24,K24)-1)),$H24) -> 0 | BZ24: =MROUND(SUM(BK24:OFFSET(BK24,0,MIN(AV24,K24)-1)),$H24) -> 0 | CA24: =CB6 -> 0 | CB24: =IF(AND(ISNUMBER(OFFSET(BA24,0,AV24-1)),AT24=I24),IFS(CC24<0,0,BZ24>BY24,1,BZ24<BY24,-0.5,BZ24=BY24,0),0) -> 0 | CC24: =CD6 -> 0 | CD24: =IFS(CC24=-1,-2,CC24=-2,0,CB24>0,1,(CB24+CA24)=-1,-1,CB24=0,0,CB24<0,0) -> 0 | CE24: =AT24 -> Low Cable Squat [Trainer+] | CG24: =IF(ISNUMBER(CF24),CF24,MIN(MAX(IFS(DN24>0,AV24+1,DN24=0,AV24,DN24<0,AV24),1),$F24)) -> 3 | CI24: =IF(ISNUMBER(CH24),CH24,MIN(MAX(MIN(IFS(DN24>0,AX24*1.025,DN24=0,AX24,DN24<0,BV24*$D24),BV24*$E24),BV24*$D24),$G24)) -> 0 | CJ24: =IF(ISNUMBER(CH24),CH24,MAX(MROUND(CI24,$H24),$H24)) -> 0.5 | CK24: 0 | CV24: {=IF(ISNUMBER(CL24),INDEX('hyper-reps-lookup-table'!$B$2:$AE$31,CL24,CK24+1)*CJ24*(36/(37-(CL24+CK24))),0)} -> 0 | CW24: {=IF(ISNUMBER(CM24),INDEX('hyper-reps-lookup-table'!$B$2:$AE$31,CM24,CK24+1)*CJ24*(36/(37-(CM24+CK24))),0)} -> 0 | CX24: {=IF(ISNUMBER(CN24),INDEX('hyper-reps-lookup-table'!$B$2:$AE$31,CN24,CK24+1)*CJ24*(36/(37-(CN24+CK24))),0)} -> 0 | CY24: {=IF(ISNUMBER(CO24),INDEX('hyper-reps-lookup-table'!$B$2:$AE$31,CO24,CK24+1)*CJ24*(36/(37-(CO24+CK24))),0)} -> 0 | CZ24: {=IF(ISNUMBER(CP24),INDEX('hyper-reps-lookup-table'!$B$2:$AE$31,CP24,CK24+1)*CJ24*(36/(37-(CP24+CK24))),0)} -> 0 | DA24: {=IF(ISNUMBER(CQ24),INDEX('hyper-reps-lookup-table'!$B$2:$AE$31,CQ24,CK24+1)*CJ24*(36/(37-(CQ24+CK24))),0)} -> 0 | DB24: {=IF(ISNUMBER(CR24),INDEX('hyper-reps-lookup-table'!$B$2:$AE$31,CR24,CK24+1)*CJ24*(36/(37-(CR24+CK24))),0)} -> 0 | DC24: {=IF(ISNUMBER(CS24),INDEX('hyper-reps-lookup-table'!$B$2:$AE$31,CS24,CK24+1)*CJ24*(36/(37-(CS24+CK24))),0)} -> 0 | DD24: {=IF(ISNUMBER(CT24),INDEX('hyper-reps-lookup-table'!$B$2:$AE$31,CT24,CK24+1)*CJ24*(36/(37-(CT24+CK24))),0)} -> 0 | DE24: {=IF(ISNUMBER(CU24),INDEX('hyper-reps-lookup-table'!$B$2:$AE$31,CU24,CK24+1)*CJ24*(36/(37-(CU24+CK24))),0)} -> 0 | DF24: =IF(DG24>0,CJ24/DG24,0%) -> 0 | DG24: =IF(ISNUMBER(CL24),CJ24*(36/(37-(CL24+CK24))),0) -> 0 | DH24: =SUM(CL24:CU24)*CJ24 -> 0 | DI24: =SUM(CV24:DE24) -> 0 | DJ24: =MROUND(SUM(BK24:OFFSET(BK24,0,MIN(CG24,AV24)-1)),$H24) -> 0 | DK24: =MROUND(SUM(CV24:OFFSET(CV24,0,MIN(CG24,AV24)-1)),$H24) -> 0 | DL24: =DM6 -> 0 | DM24: =IF(AND(ISNUMBER(OFFSET(CL24,0,CG24-1)),CE24=AT24),IFS(DN24<0,0,DK24>DJ24,1,DK24<DJ24,-0.5,DK24=DJ24,0),0) -> 0 | DN24: =DO6 -> 0 | DO24: =IFS(DN24=-1,-2,DN24=-2,0,DM24>0,1,(DM24+DL24)=-1,-1,DM24=0,0,DM24<0,0) -> 0 | DP24: =CE24 -> Low Cable Squat [Trainer+] | DR24: =IF(ISNUMBER(DQ24),DQ24,MIN(MAX(IFS(EY24>0,CG24+1,EY24=0,CG24,EY24<0,CG24),1),$F24)) -> 3 | DT24: =IF(ISNUMBER(DS24),DS24,MIN(MAX(MIN(IFS(EY24>0,CI24*1.025,EY24=0,CI24,EY24<0,DG24*$D24),DG24*$E24),DG24*$D24),$G24)) -> 0 | DU24: =IF(ISNUMBER(DS24),DS24,MAX(MROUND(DT24,$H24),$H24)) -> 0.5 | DV24: 0 | EG24: {=IF(ISNUMBER(DW24),INDEX('hyper-reps-lookup-table'!$B$2:$AE$31,DW24,DV24+1)*DU24*(36/(37-(DW24+DV24))),0)} -> 0 | EH24: {=IF(ISNUMBER(DX24),INDEX('hyper-reps-lookup-table'!$B$2:$AE$31,DX24,DV24+1)*DU24*(36/(37-(DX24+DV24))),0)} -> 0 | EI24: {=IF(ISNUMBER(DY24),INDEX('hyper-reps-lookup-table'!$B$2:$AE$31,DY24,DV24+1)*DU24*(36/(37-(DY24+DV24))),0)} -> 0 | EJ24: {=IF(ISNUMBER(DZ24),INDEX('hyper-reps-lookup-table'!$B$2:$AE$31,DZ24,DV24+1)*DU24*(36/(37-(DZ24+DV24))),0)} -> 0 | EK24: {=IF(ISNUMBER(EA24),INDEX('hyper-reps-lookup-table'!$B$2:$AE$31,EA24,DV24+1)*DU24*(36/(37-(EA24+DV24))),0)} -> 0 | EL24: {=IF(ISNUMBER(EB24),INDEX('hyper-reps-lookup-table'!$B$2:$AE$31,EB24,DV24+1)*DU24*(36/(37-(EB24+DV24))),0)} -> 0 | EM24: {=IF(ISNUMBER(EC24),INDEX('hyper-reps-lookup-table'!$B$2:$AE$31,EC24,DV24+1)*DU24*(36/(37-(EC24+DV24))),0)} -> 0 | EN24: {=IF(ISNUMBER(ED24),INDEX('hyper-reps-lookup-table'!$B$2:$AE$31,ED24,DV24+1)*DU24*(36/(37-(ED24+DV24))),0)} -> 0 | EO24: {=IF(ISNUMBER(EE24),INDEX('hyper-reps-lookup-table'!$B$2:$AE$31,EE24,DV24+1)*DU24*(36/(37-(EE24+DV24))),0)} -> 0 | EP24: {=IF(ISNUMBER(EF24),INDEX('hyper-reps-lookup-table'!$B$2:$AE$31,EF24,DV24+1)*DU24*(36/(37-(EF24+DV24))),0)} -> 0 | EQ24: =IF(ER24>0,DU24/ER24,0%) -> 0 | ER24: =IF(ISNUMBER(DW24),DU24*(36/(37-(DW24+DV24))),0) -> 0 | ES24: =SUM(DW24:EF24)*DU24 -> 0 | ET24: =SUM(EG24:EP24) -> 0 | EU24: =MROUND(SUM(CV24:OFFSET(CV24,0,MIN(DR24,CG24)-1)),$H24) -> 0 | EV24: =MROUND(SUM(EG24:OFFSET(EG24,0,MIN(DR24,CG24)-1)),$H24) -> 0 | EW24: =EX6 -> 0 | EX24: =IF(AND(ISNUMBER(OFFSET(DW24,0,DR24-1)),DP24=CE24),IFS(EY24<0,0,EV24>EU24,1,EV24<EU24,-0.5,EV24=EU24,0),0) -> 0 | EY24: =EZ6 -> 0 | EZ24: =IFS(EY24=-1,-2,EY24=-2,0,EX24>0,1,(EX24+EW24)=-1,-1,EX24=0,0,EX24<0,0) -> 0
B25: Romanian Deadlift [Trainer+] | C25: 100 | D25: 0.8 | E25: 0.85 | F25: 3 | G25: 180 | H25: 0.5 | I25: =$B25 -> Romanian Deadlift [Trainer+] | J25: =MAX(ROUND($F25*75%,0),1) -> 2 | K25: =IF(ISNUMBER(J25),J25,MAX(ROUND($F25,0),1)) -> 2 | M25: =IF(ISNUMBER(L25),L25,MIN(MAX(MROUND(C25*$D25,$H25),$H25),$G25)) -> 80 | N25: =M25 -> 80 | O25: 0 | Z25: {=IF(ISNUMBER(P25),INDEX('hyper-reps-lookup-table'!$B$2:$AE$31,P25,O25+1)*N25*(36/(37-(P25+O25))),0)} -> 0 | AA25: {=IF(ISNUMBER(Q25),INDEX('hyper-reps-lookup-table'!$B$2:$AE$31,Q25,O25+1)*N25*(36/(37-(Q25+O25))),0)} -> 0 | AB25: {=IF(ISNUMBER(R25),INDEX('hyper-reps-lookup-table'!$B$2:$AE$31,R25,O25+1)*N25*(36/(37-(R25+O25))),0)} -> 0 | AC25: {=IF(ISNUMBER(S25),INDEX('hyper-reps-lookup-table'!$B$2:$AE$31,S25,O25+1)*N25*(36/(37-(S25+O25))),0)} -> 0 | AD25: {=IF(ISNUMBER(T25),INDEX('hyper-reps-lookup-table'!$B$2:$AE$31,T25,O25+1)*N25*(36/(37-(T25+O25))),0)} -> 0 | AE25: {=IF(ISNUMBER(U25),INDEX('hyper-reps-lookup-table'!$B$2:$AE$31,U25,O25+1)*N25*(36/(37-(U25+O25))),0)} -> 0 | AF25: {=IF(ISNUMBER(V25),INDEX('hyper-reps-lookup-table'!$B$2:$AE$31,V25,O25+1)*N25*(36/(37-(V25+O25))),0)} -> 0 | AG25: {=IF(ISNUMBER(W25),INDEX('hyper-reps-lookup-table'!$B$2:$AE$31,W25,O25+1)*N25*(36/(37-(W25+O25))),0)} -> 0 | AH25: {=IF(ISNUMBER(X25),INDEX('hyper-reps-lookup-table'!$B$2:$AE$31,X25,O25+1)*N25*(36/(37-(X25+O25))),0)} -> 0 | AI25: {=IF(ISNUMBER(Y25),INDEX('hyper-reps-lookup-table'!$B$2:$AE$31,Y25,O25+1)*N25*(36/(37-(Y25+O25))),0)} -> 0 | AJ25: =IF(AK25>0,N25/AK25,0%) -> 0 | AK25: =IF(ISNUMBER(P25),N25*(36/(37-(P25+O25))),0) -> 0 | AL25: =SUM(P25:Y25)*N25 -> 0 | AM25: =SUM(Z25:AI25) -> 0 | AN25: 0 | AO25: 0 | AP25: 0 | AQ25: 0 | AR25: 0 | AS25: 0 | AT25: =I25 -> Romanian Deadlift [Trainer+] | AU25: =MAX(ROUND($F25,0),1) -> 3 | AV25: =IF(ISNUMBER(AU25),AU25,MIN(MAX(IFS(CC25>0,K25+1,CC25=0,K25,CC25<0,K25),1),$F25)) -> 3 | AX25: =IF(ISNUMBER(AW25),AW25,MIN(MAX(MIN(IFS(CC25>0,M25*1.025,CC25=0,M25,CC25<0,AK25*$D25),AK25*$E25),AK25*$D25),$G25)) -> 0 | AY25: =IF(ISNUMBER(AW25),AW25,MAX(MROUND(AX25,$H25),$H25)) -> 0.5 | AZ25: 0 | BK25: {=IF(ISNUMBER(BA25),INDEX('hyper-reps-lookup-table'!$B$2:$AE$31,BA25,AZ25+1)*AY25*(36/(37-(BA25+AZ25))),0)} -> 0 | BL25: {=IF(ISNUMBER(BB25),INDEX('hyper-reps-lookup-table'!$B$2:$AE$31,BB25,AZ25+1)*AY25*(36/(37-(BB25+AZ25))),0)} -> 0 | BM25: {=IF(ISNUMBER(BC25),INDEX('hyper-reps-lookup-table'!$B$2:$AE$31,BC25,AZ25+1)*AY25*(36/(37-(BC25+AZ25))),0)} -> 0 | BN25: {=IF(ISNUMBER(BD25),INDEX('hyper-reps-lookup-table'!$B$2:$AE$31,BD25,AZ25+1)*AY25*(36/(37-(BD25+AZ25))),0)} -> 0 | BO25: {=IF(ISNUMBER(BE25),INDEX('hyper-reps-lookup-table'!$B$2:$AE$31,BE25,AZ25+1)*AY25*(36/(37-(BE25+AZ25))),0)} -> 0 | BP25: {=IF(ISNUMBER(BF25),INDEX('hyper-reps-lookup-table'!$B$2:$AE$31,BF25,AZ25+1)*AY25*(36/(37-(BF25+AZ25))),0)} -> 0 | BQ25: {=IF(ISNUMBER(BG25),INDEX('hyper-reps-lookup-table'!$B$2:$AE$31,BG25,AZ25+1)*AY25*(36/(37-(BG25+AZ25))),0)} -> 0 | BR25: {=IF(ISNUMBER(BH25),INDEX('hyper-reps-lookup-table'!$B$2:$AE$31,BH25,AZ25+1)*AY25*(36/(37-(BH25+AZ25))),0)} -> 0 | BS25: {=IF(ISNUMBER(BI25),INDEX('hyper-reps-lookup-table'!$B$2:$AE$31,BI25,AZ25+1)*AY25*(36/(37-(BI25+AZ25))),0)} -> 0 | BT25: {=IF(ISNUMBER(BJ25),INDEX('hyper-reps-lookup-table'!$B$2:$AE$31,BJ25,AZ25+1)*AY25*(36/(37-(BJ25+AZ25))),0)} -> 0 | BU25: =IF(BV25>0,AY25/BV25,0%) -> 0 | BV25: =IF(ISNUMBER(BA25),AY25*(36/(37-(BA25+AZ25))),0) -> 0 | BW25: =SUM(BA25:BJ25)*AY25 -> 0 | BX25: =SUM(BK25:BT25) -> 0 | BY25: =MROUND(SUM(Z25:OFFSET(Z25,0,MIN(AV25,K25)-1)),$H25) -> 0 | BZ25: =MROUND(SUM(BK25:OFFSET(BK25,0,MIN(AV25,K25)-1)),$H25) -> 0 | CA25: =CB7 -> 0 | CB25: =IF(AND(ISNUMBER(OFFSET(BA25,0,AV25-1)),AT25=I25),IFS(CC25<0,0,BZ25>BY25,1,BZ25<BY25,-0.5,BZ25=BY25,0),0) -> 0 | CC25: =CD7 -> 0 | CD25: =IFS(CC25=-1,-2,CC25=-2,0,CB25>0,1,(CB25+CA25)=-1,-1,CB25=0,0,CB25<0,0) -> 0 | CE25: =AT25 -> Romanian Deadlift [Trainer+] | CG25: =IF(ISNUMBER(CF25),CF25,MIN(MAX(IFS(DN25>0,AV25+1,DN25=0,AV25,DN25<0,AV25),1),$F25)) -> 3 | CI25: =IF(ISNUMBER(CH25),CH25,MIN(MAX(MIN(IFS(DN25>0,AX25*1.025,DN25=0,AX25,DN25<0,BV25*$D25),BV25*$E25),BV25*$D25),$G25)) -> 0 | CJ25: =IF(ISNUMBER(CH25),CH25,MAX(MROUND(CI25,$H25),$H25)) -> 0.5 | CK25: 0 | CV25: {=IF(ISNUMBER(CL25),INDEX('hyper-reps-lookup-table'!$B$2:$AE$31,CL25,CK25+1)*CJ25*(36/(37-(CL25+CK25))),0)} -> 0 | CW25: {=IF(ISNUMBER(CM25),INDEX('hyper-reps-lookup-table'!$B$2:$AE$31,CM25,CK25+1)*CJ25*(36/(37-(CM25+CK25))),0)} -> 0 | CX25: {=IF(ISNUMBER(CN25),INDEX('hyper-reps-lookup-table'!$B$2:$AE$31,CN25,CK25+1)*CJ25*(36/(37-(CN25+CK25))),0)} -> 0 | CY25: {=IF(ISNUMBER(CO25),INDEX('hyper-reps-lookup-table'!$B$2:$AE$31,CO25,CK25+1)*CJ25*(36/(37-(CO25+CK25))),0)} -> 0 | CZ25: {=IF(ISNUMBER(CP25),INDEX('hyper-reps-lookup-table'!$B$2:$AE$31,CP25,CK25+1)*CJ25*(36/(37-(CP25+CK25))),0)} -> 0 | DA25: {=IF(ISNUMBER(CQ25),INDEX('hyper-reps-lookup-table'!$B$2:$AE$31,CQ25,CK25+1)*CJ25*(36/(37-(CQ25+CK25))),0)} -> 0 | DB25: {=IF(ISNUMBER(CR25),INDEX('hyper-reps-lookup-table'!$B$2:$AE$31,CR25,CK25+1)*CJ25*(36/(37-(CR25+CK25))),0)} -> 0 | DC25: {=IF(ISNUMBER(CS25),INDEX('hyper-reps-lookup-table'!$B$2:$AE$31,CS25,CK25+1)*CJ25*(36/(37-(CS25+CK25))),0)} -> 0 | DD25: {=IF(ISNUMBER(CT25),INDEX('hyper-reps-lookup-table'!$B$2:$AE$31,CT25,CK25+1)*CJ25*(36/(37-(CT25+CK25))),0)} -> 0 | DE25: {=IF(ISNUMBER(CU25),INDEX('hyper-reps-lookup-table'!$B$2:$AE$31,CU25,CK25+1)*CJ25*(36/(37-(CU25+CK25))),0)} -> 0 | DF25: =IF(DG25>0,CJ25/DG25,0%) -> 0 | DG25: =IF(ISNUMBER(CL25),CJ25*(36/(37-(CL25+CK25))),0) -> 0 | DH25: =SUM(CL25:CU25)*CJ25 -> 0 | DI25: =SUM(CV25:DE25) -> 0 | DJ25: =MROUND(SUM(BK25:OFFSET(BK25,0,MIN(CG25,AV25)-1)),$H25) -> 0 | DK25: =MROUND(SUM(CV25:OFFSET(CV25,0,MIN(CG25,AV25)-1)),$H25) -> 0 | DL25: =DM7 -> 0 | DM25: =IF(AND(ISNUMBER(OFFSET(CL25,0,CG25-1)),CE25=AT25),IFS(DN25<0,0,DK25>DJ25,1,DK25<DJ25,-0.5,DK25=DJ25,0),0) -> 0 | DN25: =DO7 -> 0 | DO25: =IFS(DN25=-1,-2,DN25=-2,0,DM25>0,1,(DM25+DL25)=-1,-1,DM25=0,0,DM25<0,0) -> 0 | DP25: =CE25 -> Romanian Deadlift [Trainer+] | DR25: =IF(ISNUMBER(DQ25),DQ25,MIN(MAX(IFS(EY25>0,CG25+1,EY25=0,CG25,EY25<0,CG25),1),$F25)) -> 3 | DT25: =IF(ISNUMBER(DS25),DS25,MIN(MAX(MIN(IFS(EY25>0,CI25*1.025,EY25=0,CI25,EY25<0,DG25*$D25),DG25*$E25),DG25*$D25),$G25)) -> 0 | DU25: =IF(ISNUMBER(DS25),DS25,MAX(MROUND(DT25,$H25),$H25)) -> 0.5 | DV25: 0 | EG25: {=IF(ISNUMBER(DW25),INDEX('hyper-reps-lookup-table'!$B$2:$AE$31,DW25,DV25+1)*DU25*(36/(37-(DW25+DV25))),0)} -> 0 | EH25: {=IF(ISNUMBER(DX25),INDEX('hyper-reps-lookup-table'!$B$2:$AE$31,DX25,DV25+1)*DU25*(36/(37-(DX25+DV25))),0)} -> 0 | EI25: {=IF(ISNUMBER(DY25),INDEX('hyper-reps-lookup-table'!$B$2:$AE$31,DY25,DV25+1)*DU25*(36/(37-(DY25+DV25))),0)} -> 0 | EJ25: {=IF(ISNUMBER(DZ25),INDEX('hyper-reps-lookup-table'!$B$2:$AE$31,DZ25,DV25+1)*DU25*(36/(37-(DZ25+DV25))),0)} -> 0 | EK25: {=IF(ISNUMBER(EA25),INDEX('hyper-reps-lookup-table'!$B$2:$AE$31,EA25,DV25+1)*DU25*(36/(37-(EA25+DV25))),0)} -> 0 | EL25: {=IF(ISNUMBER(EB25),INDEX('hyper-reps-lookup-table'!$B$2:$AE$31,EB25,DV25+1)*DU25*(36/(37-(EB25+DV25))),0)} -> 0 | EM25: {=IF(ISNUMBER(EC25),INDEX('hyper-reps-lookup-table'!$B$2:$AE$31,EC25,DV25+1)*DU25*(36/(37-(EC25+DV25))),0)} -> 0 | EN25: {=IF(ISNUMBER(ED25),INDEX('hyper-reps-lookup-table'!$B$2:$AE$31,ED25,DV25+1)*DU25*(36/(37-(ED25+DV25))),0)} -> 0 | EO25: {=IF(ISNUMBER(EE25),INDEX('hyper-reps-lookup-table'!$B$2:$AE$31,EE25,DV25+1)*DU25*(36/(37-(EE25+DV25))),0)} -> 0 | EP25: {=IF(ISNUMBER(EF25),INDEX('hyper-reps-lookup-table'!$B$2:$AE$31,EF25,DV25+1)*DU25*(36/(37-(EF25+DV25))),0)} -> 0 | EQ25: =IF(ER25>0,DU25/ER25,0%) -> 0 | ER25: =IF(ISNUMBER(DW25),DU25*(36/(37-(DW25+DV25))),0) -> 0 | ES25: =SUM(DW25:EF25)*DU25 -> 0 | ET25: =SUM(EG25:EP25) -> 0 | EU25: =MROUND(SUM(CV25:OFFSET(CV25,0,MIN(DR25,CG25)-1)),$H25) -> 0 | EV25: =MROUND(SUM(EG25:OFFSET(EG25,0,MIN(DR25,CG25)-1)),$H25) -> 0 | EW25: =EX7 -> 0 | EX25: =IF(AND(ISNUMBER(OFFSET(DW25,0,DR25-1)),DP25=CE25),IFS(EY25<0,0,EV25>EU25,1,EV25<EU25,-0.5,EV25=EU25,0),0) -> 0 | EY25: =EZ7 -> 0 | EZ25: =IFS(EY25=-1,-2,EY25=-2,0,EX25>0,1,(EX25+EW25)=-1,-1,EX25=0,0,EX25<0,0) -> 0
B26: Single Leg Extension (RPT) [Unica] | C26: 100 | D26: 0.75 | E26: 0.8 | F26: 3 | G26: 90 | H26: 2.5 | I26: =$B26 -> Single Leg Extension (RPT) [Unica] | J26: =MAX(ROUND($F26*75%,0),1) -> 2 | K26: =IF(ISNUMBER(J26),J26,MAX(ROUND($F26,0),1)) -> 2 | M26: =IF(ISNUMBER(L26),L26,MIN(MAX(MROUND(C26*$D26,$H26),$H26),$G26)) -> 75 | N26: =M26 -> 75 | O26: 0 | Z26: {=IF(ISNUMBER(P26),INDEX('hyper-reps-lookup-table'!$B$2:$AE$31,P26,O26+1)*N26*(36/(37-(P26+O26))),0)} -> 0 | AA26: {=IF(ISNUMBER(Q26),INDEX('hyper-reps-lookup-table'!$B$2:$AE$31,Q26,O26+1)*N26*(36/(37-(Q26+O26))),0)} -> 0 | AB26: {=IF(ISNUMBER(R26),INDEX('hyper-reps-lookup-table'!$B$2:$AE$31,R26,O26+1)*N26*(36/(37-(R26+O26))),0)} -> 0 | AC26: {=IF(ISNUMBER(S26),INDEX('hyper-reps-lookup-table'!$B$2:$AE$31,S26,O26+1)*N26*(36/(37-(S26+O26))),0)} -> 0 | AD26: {=IF(ISNUMBER(T26),INDEX('hyper-reps-lookup-table'!$B$2:$AE$31,T26,O26+1)*N26*(36/(37-(T26+O26))),0)} -> 0 | AE26: {=IF(ISNUMBER(U26),INDEX('hyper-reps-lookup-table'!$B$2:$AE$31,U26,O26+1)*N26*(36/(37-(U26+O26))),0)} -> 0 | AF26: {=IF(ISNUMBER(V26),INDEX('hyper-reps-lookup-table'!$B$2:$AE$31,V26,O26+1)*N26*(36/(37-(V26+O26))),0)} -> 0 | AG26: {=IF(ISNUMBER(W26),INDEX('hyper-reps-lookup-table'!$B$2:$AE$31,W26,O26+1)*N26*(36/(37-(W26+O26))),0)} -> 0 | AH26: {=IF(ISNUMBER(X26),INDEX('hyper-reps-lookup-table'!$B$2:$AE$31,X26,O26+1)*N26*(36/(37-(X26+O26))),0)} -> 0 | AI26: {=IF(ISNUMBER(Y26),INDEX('hyper-reps-lookup-table'!$B$2:$AE$31,Y26,O26+1)*N26*(36/(37-(Y26+O26))),0)} -> 0 | AJ26: =IF(AK26>0,N26/AK26,0%) -> 0 | AK26: =IF(ISNUMBER(P26),N26*(36/(37-(P26+O26))),0) -> 0 | AL26: =SUM(P26:Y26)*N26 -> 0 | AM26: =SUM(Z26:AI26) -> 0 | AN26: 0 | AO26: 0 | AP26: 0 | AQ26: 0 | AR26: 0 | AS26: 0 | AT26: =I26 -> Single Leg Extension (RPT) [Unica] | AU26: =MAX(ROUND($F26,0),1) -> 3 | AV26: =IF(ISNUMBER(AU26),AU26,MIN(MAX(IFS(CC26>0,K26+1,CC26=0,K26,CC26<0,K26),1),$F26)) -> 3 | AX26: =IF(ISNUMBER(AW26),AW26,MIN(MAX(MIN(IFS(CC26>0,M26*1.025,CC26=0,M26,CC26<0,AK26*$D26),AK26*$E26),AK26*$D26),$G26)) -> 0 | AY26: =IF(ISNUMBER(AW26),AW26,MAX(MROUND(AX26,$H26),$H26)) -> 2.5 | AZ26: 0 | BK26: {=IF(ISNUMBER(BA26),INDEX('hyper-reps-lookup-table'!$B$2:$AE$31,BA26,AZ26+1)*AY26*(36/(37-(BA26+AZ26))),0)} -> 0 | BL26: {=IF(ISNUMBER(BB26),INDEX('hyper-reps-lookup-table'!$B$2:$AE$31,BB26,AZ26+1)*AY26*(36/(37-(BB26+AZ26))),0)} -> 0 | BM26: {=IF(ISNUMBER(BC26),INDEX('hyper-reps-lookup-table'!$B$2:$AE$31,BC26,AZ26+1)*AY26*(36/(37-(BC26+AZ26))),0)} -> 0 | BN26: {=IF(ISNUMBER(BD26),INDEX('hyper-reps-lookup-table'!$B$2:$AE$31,BD26,AZ26+1)*AY26*(36/(37-(BD26+AZ26))),0)} -> 0 | BO26: {=IF(ISNUMBER(BE26),INDEX('hyper-reps-lookup-table'!$B$2:$AE$31,BE26,AZ26+1)*AY26*(36/(37-(BE26+AZ26))),0)} -> 0 | BP26: {=IF(ISNUMBER(BF26),INDEX('hyper-reps-lookup-table'!$B$2:$AE$31,BF26,AZ26+1)*AY26*(36/(37-(BF26+AZ26))),0)} -> 0 | BQ26: {=IF(ISNUMBER(BG26),INDEX('hyper-reps-lookup-table'!$B$2:$AE$31,BG26,AZ26+1)*AY26*(36/(37-(BG26+AZ26))),0)} -> 0 | BR26: {=IF(ISNUMBER(BH26),INDEX('hyper-reps-lookup-table'!$B$2:$AE$31,BH26,AZ26+1)*AY26*(36/(37-(BH26+AZ26))),0)} -> 0 | BS26: {=IF(ISNUMBER(BI26),INDEX('hyper-reps-lookup-table'!$B$2:$AE$31,BI26,AZ26+1)*AY26*(36/(37-(BI26+AZ26))),0)} -> 0 | BT26: {=IF(ISNUMBER(BJ26),INDEX('hyper-reps-lookup-table'!$B$2:$AE$31,BJ26,AZ26+1)*AY26*(36/(37-(BJ26+AZ26))),0)} -> 0 | BU26: =IF(BV26>0,AY26/BV26,0%) -> 0 | BV26: =IF(ISNUMBER(BA26),AY26*(36/(37-(BA26+AZ26))),0) -> 0 | BW26: =SUM(BA26:BJ26)*AY26 -> 0 | BX26: =SUM(BK26:BT26) -> 0 | BY26: =MROUND(SUM(Z26:OFFSET(Z26,0,MIN(AV26,K26)-1)),$H26) -> 0 | BZ26: =MROUND(SUM(BK26:OFFSET(BK26,0,MIN(AV26,K26)-1)),$H26) -> 0 | CA26: =CB8 -> 0 | CB26: =IF(AND(ISNUMBER(OFFSET(BA26,0,AV26-1)),AT26=I26),IFS(CC26<0,0,BZ26>BY26,1,BZ26<BY26,-0.5,BZ26=BY26,0),0) -> 0 | CC26: =CD8 -> 0 | CD26: =IFS(CC26=-1,-2,CC26=-2,0,CB26>0,1,(CB26+CA26)=-1,-1,CB26=0,0,CB26<0,0) -> 0 | CE26: =AT26 -> Single Leg Extension (RPT) [Unica] | CG26: =IF(ISNUMBER(CF26),CF26,MIN(MAX(IFS(DN26>0,AV26+1,DN26=0,AV26,DN26<0,AV26),1),$F26)) -> 3 | CI26: =IF(ISNUMBER(CH26),CH26,MIN(MAX(MIN(IFS(DN26>0,AX26*1.025,DN26=0,AX26,DN26<0,BV26*$D26),BV26*$E26),BV26*$D26),$G26)) -> 0 | CJ26: =IF(ISNUMBER(CH26),CH26,MAX(MROUND(CI26,$H26),$H26)) -> 2.5 | CK26: 0 | CV26: {=IF(ISNUMBER(CL26),INDEX('hyper-reps-lookup-table'!$B$2:$AE$31,CL26,CK26+1)*CJ26*(36/(37-(CL26+CK26))),0)} -> 0 | CW26: {=IF(ISNUMBER(CM26),INDEX('hyper-reps-lookup-table'!$B$2:$AE$31,CM26,CK26+1)*CJ26*(36/(37-(CM26+CK26))),0)} -> 0 | CX26: {=IF(ISNUMBER(CN26),INDEX('hyper-reps-lookup-table'!$B$2:$AE$31,CN26,CK26+1)*CJ26*(36/(37-(CN26+CK26))),0)} -> 0 | CY26: {=IF(ISNUMBER(CO26),INDEX('hyper-reps-lookup-table'!$B$2:$AE$31,CO26,CK26+1)*CJ26*(36/(37-(CO26+CK26))),0)} -> 0 | CZ26: {=IF(ISNUMBER(CP26),INDEX('hyper-reps-lookup-table'!$B$2:$AE$31,CP26,CK26+1)*CJ26*(36/(37-(CP26+CK26))),0)} -> 0 | DA26: {=IF(ISNUMBER(CQ26),INDEX('hyper-reps-lookup-table'!$B$2:$AE$31,CQ26,CK26+1)*CJ26*(36/(37-(CQ26+CK26))),0)} -> 0 | DB26: {=IF(ISNUMBER(CR26),INDEX('hyper-reps-lookup-table'!$B$2:$AE$31,CR26,CK26+1)*CJ26*(36/(37-(CR26+CK26))),0)} -> 0 | DC26: {=IF(ISNUMBER(CS26),INDEX('hyper-reps-lookup-table'!$B$2:$AE$31,CS26,CK26+1)*CJ26*(36/(37-(CS26+CK26))),0)} -> 0 | DD26: {=IF(ISNUMBER(CT26),INDEX('hyper-reps-lookup-table'!$B$2:$AE$31,CT26,CK26+1)*CJ26*(36/(37-(CT26+CK26))),0)} -> 0 | DE26: {=IF(ISNUMBER(CU26),INDEX('hyper-reps-lookup-table'!$B$2:$AE$31,CU26,CK26+1)*CJ26*(36/(37-(CU26+CK26))),0)} -> 0 | DF26: =IF(DG26>0,CJ26/DG26,0%) -> 0 | DG26: =IF(ISNUMBER(CL26),CJ26*(36/(37-(CL26+CK26))),0) -> 0 | DH26: =SUM(CL26:CU26)*CJ26 -> 0 | DI26: =SUM(CV26:DE26) -> 0 | DJ26: =MROUND(SUM(BK26:OFFSET(BK26,0,MIN(CG26,AV26)-1)),$H26) -> 0 | DK26: =MROUND(SUM(CV26:OFFSET(CV26,0,MIN(CG26,AV26)-1)),$H26) -> 0 | DL26: =DM8 -> 0 | DM26: =IF(AND(ISNUMBER(OFFSET(CL26,0,CG26-1)),CE26=AT26),IFS(DN26<0,0,DK26>DJ26,1,DK26<DJ26,-0.5,DK26=DJ26,0),0) -> 0 | DN26: =DO8 -> 0 | DO26: =IFS(DN26=-1,-2,DN26=-2,0,DM26>0,1,(DM26+DL26)=-1,-1,DM26=0,0,DM26<0,0) -> 0 | DP26: =CE26 -> Single Leg Extension (RPT) [Unica] | DR26: =IF(ISNUMBER(DQ26),DQ26,MIN(MAX(IFS(EY26>0,CG26+1,EY26=0,CG26,EY26<0,CG26),1),$F26)) -> 3 | DT26: =IF(ISNUMBER(DS26),DS26,MIN(MAX(MIN(IFS(EY26>0,CI26*1.025,EY26=0,CI26,EY26<0,DG26*$D26),DG26*$E26),DG26*$D26),$G26)) -> 0 | DU26: =IF(ISNUMBER(DS26),DS26,MAX(MROUND(DT26,$H26),$H26)) -> 2.5 | DV26: 0 | EG26: {=IF(ISNUMBER(DW26),INDEX('hyper-reps-lookup-table'!$B$2:$AE$31,DW26,DV26+1)*DU26*(36/(37-(DW26+DV26))),0)} -> 0 | EH26: {=IF(ISNUMBER(DX26),INDEX('hyper-reps-lookup-table'!$B$2:$AE$31,DX26,DV26+1)*DU26*(36/(37-(DX26+DV26))),0)} -> 0 | EI26: {=IF(ISNUMBER(DY26),INDEX('hyper-reps-lookup-table'!$B$2:$AE$31,DY26,DV26+1)*DU26*(36/(37-(DY26+DV26))),0)} -> 0 | EJ26: {=IF(ISNUMBER(DZ26),INDEX('hyper-reps-lookup-table'!$B$2:$AE$31,DZ26,DV26+1)*DU26*(36/(37-(DZ26+DV26))),0)} -> 0 | EK26: {=IF(ISNUMBER(EA26),INDEX('hyper-reps-lookup-table'!$B$2:$AE$31,EA26,DV26+1)*DU26*(36/(37-(EA26+DV26))),0)} -> 0 | EL26: {=IF(ISNUMBER(EB26),INDEX('hyper-reps-lookup-table'!$B$2:$AE$31,EB26,DV26+1)*DU26*(36/(37-(EB26+DV26))),0)} -> 0 | EM26: {=IF(ISNUMBER(EC26),INDEX('hyper-reps-lookup-table'!$B$2:$AE$31,EC26,DV26+1)*DU26*(36/(37-(EC26+DV26))),0)} -> 0 | EN26: {=IF(ISNUMBER(ED26),INDEX('hyper-reps-lookup-table'!$B$2:$AE$31,ED26,DV26+1)*DU26*(36/(37-(ED26+DV26))),0)} -> 0 | EO26: {=IF(ISNUMBER(EE26),INDEX('hyper-reps-lookup-table'!$B$2:$AE$31,EE26,DV26+1)*DU26*(36/(37-(EE26+DV26))),0)} -> 0 | EP26: {=IF(ISNUMBER(EF26),INDEX('hyper-reps-lookup-table'!$B$2:$AE$31,EF26,DV26+1)*DU26*(36/(37-(EF26+DV26))),0)} -> 0 | EQ26: =IF(ER26>0,DU26/ER26,0%) -> 0 | ER26: =IF(ISNUMBER(DW26),DU26*(36/(37-(DW26+DV26))),0) -> 0 | ES26: =SUM(DW26:EF26)*DU26 -> 0 | ET26: =SUM(EG26:EP26) -> 0 | EU26: =MROUND(SUM(CV26:OFFSET(CV26,0,MIN(DR26,CG26)-1)),$H26) -> 0 | EV26: =MROUND(SUM(EG26:OFFSET(EG26,0,MIN(DR26,CG26)-1)),$H26) -> 0 | EW26: =EX8 -> 0 | EX26: =IF(AND(ISNUMBER(OFFSET(DW26,0,DR26-1)),DP26=CE26),IFS(EY26<0,0,EV26>EU26,1,EV26<EU26,-0.5,EV26=EU26,0),0) -> 0 | EY26: =EZ8 -> 0 | EZ26: =IFS(EY26=-1,-2,EY26=-2,0,EX26>0,1,(EX26+EW26)=-1,-1,EX26=0,0,EX26<0,0) -> 0
B27: Single Leg Curl (RPT) [Unica] | C27: 100 | D27: 0.75 | E27: 0.8 | F27: 3 | G27: 90 | H27: 2.5 | I27: =$B27 -> Single Leg Curl (RPT) [Unica] | J27: =MAX(ROUND($F27*75%,0),1) -> 2 | K27: =IF(ISNUMBER(J27),J27,MAX(ROUND($F27,0),1)) -> 2 | M27: =IF(ISNUMBER(L27),L27,MIN(MAX(MROUND(C27*$D27,$H27),$H27),$G27)) -> 75 | N27: =M27 -> 75 | O27: 0 | Z27: {=IF(ISNUMBER(P27),INDEX('hyper-reps-lookup-table'!$B$2:$AE$31,P27,O27+1)*N27*(36/(37-(P27+O27))),0)} -> 0 | AA27: {=IF(ISNUMBER(Q27),INDEX('hyper-reps-lookup-table'!$B$2:$AE$31,Q27,O27+1)*N27*(36/(37-(Q27+O27))),0)} -> 0 | AB27: {=IF(ISNUMBER(R27),INDEX('hyper-reps-lookup-table'!$B$2:$AE$31,R27,O27+1)*N27*(36/(37-(R27+O27))),0)} -> 0 | AC27: {=IF(ISNUMBER(S27),INDEX('hyper-reps-lookup-table'!$B$2:$AE$31,S27,O27+1)*N27*(36/(37-(S27+O27))),0)} -> 0 | AD27: {=IF(ISNUMBER(T27),INDEX('hyper-reps-lookup-table'!$B$2:$AE$31,T27,O27+1)*N27*(36/(37-(T27+O27))),0)} -> 0 | AE27: {=IF(ISNUMBER(U27),INDEX('hyper-reps-lookup-table'!$B$2:$AE$31,U27,O27+1)*N27*(36/(37-(U27+O27))),0)} -> 0 | AF27: {=IF(ISNUMBER(V27),INDEX('hyper-reps-lookup-table'!$B$2:$AE$31,V27,O27+1)*N27*(36/(37-(V27+O27))),0)} -> 0 | AG27: {=IF(ISNUMBER(W27),INDEX('hyper-reps-lookup-table'!$B$2:$AE$31,W27,O27+1)*N27*(36/(37-(W27+O27))),0)} -> 0 | AH27: {=IF(ISNUMBER(X27),INDEX('hyper-reps-lookup-table'!$B$2:$AE$31,X27,O27+1)*N27*(36/(37-(X27+O27))),0)} -> 0 | AI27: {=IF(ISNUMBER(Y27),INDEX('hyper-reps-lookup-table'!$B$2:$AE$31,Y27,O27+1)*N27*(36/(37-(Y27+O27))),0)} -> 0 | AJ27: =IF(AK27>0,N27/AK27,0%) -> 0 | AK27: =IF(ISNUMBER(P27),N27*(36/(37-(P27+O27))),0) -> 0 | AL27: =SUM(P27:Y27)*N27 -> 0 | AM27: =SUM(Z27:AI27) -> 0 | AN27: 0 | AO27: 0 | AP27: 0 | AQ27: 0 | AR27: 0 | AS27: 0 | AT27: =I27 -> Single Leg Curl (RPT) [Unica] | AU27: =MAX(ROUND($F27,0),1) -> 3 | AV27: =IF(ISNUMBER(AU27),AU27,MIN(MAX(IFS(CC27>0,K27+1,CC27=0,K27,CC27<0,K27),1),$F27)) -> 3 | AX27: =IF(ISNUMBER(AW27),AW27,MIN(MAX(MIN(IFS(CC27>0,M27*1.025,CC27=0,M27,CC27<0,AK27*$D27),AK27*$E27),AK27*$D27),$G27)) -> 0 | AY27: =IF(ISNUMBER(AW27),AW27,MAX(MROUND(AX27,$H27),$H27)) -> 2.5 | AZ27: 0 | BK27: {=IF(ISNUMBER(BA27),INDEX('hyper-reps-lookup-table'!$B$2:$AE$31,BA27,AZ27+1)*AY27*(36/(37-(BA27+AZ27))),0)} -> 0 | BL27: {=IF(ISNUMBER(BB27),INDEX('hyper-reps-lookup-table'!$B$2:$AE$31,BB27,AZ27+1)*AY27*(36/(37-(BB27+AZ27))),0)} -> 0 | BM27: {=IF(ISNUMBER(BC27),INDEX('hyper-reps-lookup-table'!$B$2:$AE$31,BC27,AZ27+1)*AY27*(36/(37-(BC27+AZ27))),0)} -> 0 | BN27: {=IF(ISNUMBER(BD27),INDEX('hyper-reps-lookup-table'!$B$2:$AE$31,BD27,AZ27+1)*AY27*(36/(37-(BD27+AZ27))),0)} -> 0 | BO27: {=IF(ISNUMBER(BE27),INDEX('hyper-reps-lookup-table'!$B$2:$AE$31,BE27,AZ27+1)*AY27*(36/(37-(BE27+AZ27))),0)} -> 0 | BP27: {=IF(ISNUMBER(BF27),INDEX('hyper-reps-lookup-table'!$B$2:$AE$31,BF27,AZ27+1)*AY27*(36/(37-(BF27+AZ27))),0)} -> 0 | BQ27: {=IF(ISNUMBER(BG27),INDEX('hyper-reps-lookup-table'!$B$2:$AE$31,BG27,AZ27+1)*AY27*(36/(37-(BG27+AZ27))),0)} -> 0 | BR27: {=IF(ISNUMBER(BH27),INDEX('hyper-reps-lookup-table'!$B$2:$AE$31,BH27,AZ27+1)*AY27*(36/(37-(BH27+AZ27))),0)} -> 0 | BS27: {=IF(ISNUMBER(BI27),INDEX('hyper-reps-lookup-table'!$B$2:$AE$31,BI27,AZ27+1)*AY27*(36/(37-(BI27+AZ27))),0)} -> 0 | BT27: {=IF(ISNUMBER(BJ27),INDEX('hyper-reps-lookup-table'!$B$2:$AE$31,BJ27,AZ27+1)*AY27*(36/(37-(BJ27+AZ27))),0)} -> 0 | BU27: =IF(BV27>0,AY27/BV27,0%) -> 0 | BV27: =IF(ISNUMBER(BA27),AY27*(36/(37-(BA27+AZ27))),0) -> 0 | BW27: =SUM(BA27:BJ27)*AY27 -> 0 | BX27: =SUM(BK27:BT27) -> 0 | BY27: =MROUND(SUM(Z27:OFFSET(Z27,0,MIN(AV27,K27)-1)),$H27) -> 0 | BZ27: =MROUND(SUM(BK27:OFFSET(BK27,0,MIN(AV27,K27)-1)),$H27) -> 0 | CA27: =CB9 -> 0 | CB27: =IF(AND(ISNUMBER(OFFSET(BA27,0,AV27-1)),AT27=I27),IFS(CC27<0,0,BZ27>BY27,1,BZ27<BY27,-0.5,BZ27=BY27,0),0) -> 0 | CC27: =CD9 -> 0 | CD27: =IFS(CC27=-1,-2,CC27=-2,0,CB27>0,1,(CB27+CA27)=-1,-1,CB27=0,0,CB27<0,0) -> 0 | CE27: =AT27 -> Single Leg Curl (RPT) [Unica] | CG27: =IF(ISNUMBER(CF27),CF27,MIN(MAX(IFS(DN27>0,AV27+1,DN27=0,AV27,DN27<0,AV27),1),$F27)) -> 3 | CI27: =IF(ISNUMBER(CH27),CH27,MIN(MAX(MIN(IFS(DN27>0,AX27*1.025,DN27=0,AX27,DN27<0,BV27*$D27),BV27*$E27),BV27*$D27),$G27)) -> 0 | CJ27: =IF(ISNUMBER(CH27),CH27,MAX(MROUND(CI27,$H27),$H27)) -> 2.5 | CK27: 0 | CV27: {=IF(ISNUMBER(CL27),INDEX('hyper-reps-lookup-table'!$B$2:$AE$31,CL27,CK27+1)*CJ27*(36/(37-(CL27+CK27))),0)} -> 0 | CW27: {=IF(ISNUMBER(CM27),INDEX('hyper-reps-lookup-table'!$B$2:$AE$31,CM27,CK27+1)*CJ27*(36/(37-(CM27+CK27))),0)} -> 0 | CX27: {=IF(ISNUMBER(CN27),INDEX('hyper-reps-lookup-table'!$B$2:$AE$31,CN27,CK27+1)*CJ27*(36/(37-(CN27+CK27))),0)} -> 0 | CY27: {=IF(ISNUMBER(CO27),INDEX('hyper-reps-lookup-table'!$B$2:$AE$31,CO27,CK27+1)*CJ27*(36/(37-(CO27+CK27))),0)} -> 0 | CZ27: {=IF(ISNUMBER(CP27),INDEX('hyper-reps-lookup-table'!$B$2:$AE$31,CP27,CK27+1)*CJ27*(36/(37-(CP27+CK27))),0)} -> 0 | DA27: {=IF(ISNUMBER(CQ27),INDEX('hyper-reps-lookup-table'!$B$2:$AE$31,CQ27,CK27+1)*CJ27*(36/(37-(CQ27+CK27))),0)} -> 0 | DB27: {=IF(ISNUMBER(CR27),INDEX('hyper-reps-lookup-table'!$B$2:$AE$31,CR27,CK27+1)*CJ27*(36/(37-(CR27+CK27))),0)} -> 0 | DC27: {=IF(ISNUMBER(CS27),INDEX('hyper-reps-lookup-table'!$B$2:$AE$31,CS27,CK27+1)*CJ27*(36/(37-(CS27+CK27))),0)} -> 0 | DD27: {=IF(ISNUMBER(CT27),INDEX('hyper-reps-lookup-table'!$B$2:$AE$31,CT27,CK27+1)*CJ27*(36/(37-(CT27+CK27))),0)} -> 0 | DE27: {=IF(ISNUMBER(CU27),INDEX('hyper-reps-lookup-table'!$B$2:$AE$31,CU27,CK27+1)*CJ27*(36/(37-(CU27+CK27))),0)} -> 0 | DF27: =IF(DG27>0,CJ27/DG27,0%) -> 0 | DG27: =IF(ISNUMBER(CL27),CJ27*(36/(37-(CL27+CK27))),0) -> 0 | DH27: =SUM(CL27:CU27)*CJ27 -> 0 | DI27: =SUM(CV27:DE27) -> 0 | DJ27: =MROUND(SUM(BK27:OFFSET(BK27,0,MIN(CG27,AV27)-1)),$H27) -> 0 | DK27: =MROUND(SUM(CV27:OFFSET(CV27,0,MIN(CG27,AV27)-1)),$H27) -> 0 | DL27: =DM9 -> 0 | DM27: =IF(AND(ISNUMBER(OFFSET(CL27,0,CG27-1)),CE27=AT27),IFS(DN27<0,0,DK27>DJ27,1,DK27<DJ27,-0.5,DK27=DJ27,0),0) -> 0 | DN27: =DO9 -> 0 | DO27: =IFS(DN27=-1,-2,DN27=-2,0,DM27>0,1,(DM27+DL27)=-1,-1,DM27=0,0,DM27<0,0) -> 0 | DP27: =CE27 -> Single Leg Curl (RPT) [Unica] | DR27: =IF(ISNUMBER(DQ27),DQ27,MIN(MAX(IFS(EY27>0,CG27+1,EY27=0,CG27,EY27<0,CG27),1),$F27)) -> 3 | DT27: =IF(ISNUMBER(DS27),DS27,MIN(MAX(MIN(IFS(EY27>0,CI27*1.025,EY27=0,CI27,EY27<0,DG27*$D27),DG27*$E27),DG27*$D27),$G27)) -> 0 | DU27: =IF(ISNUMBER(DS27),DS27,MAX(MROUND(DT27,$H27),$H27)) -> 2.5 | DV27: 0 | EG27: {=IF(ISNUMBER(DW27),INDEX('hyper-reps-lookup-table'!$B$2:$AE$31,DW27,DV27+1)*DU27*(36/(37-(DW27+DV27))),0)} -> 0 | EH27: {=IF(ISNUMBER(DX27),INDEX('hyper-reps-lookup-table'!$B$2:$AE$31,DX27,DV27+1)*DU27*(36/(37-(DX27+DV27))),0)} -> 0 | EI27: {=IF(ISNUMBER(DY27),INDEX('hyper-reps-lookup-table'!$B$2:$AE$31,DY27,DV27+1)*DU27*(36/(37-(DY27+DV27))),0)} -> 0 | EJ27: {=IF(ISNUMBER(DZ27),INDEX('hyper-reps-lookup-table'!$B$2:$AE$31,DZ27,DV27+1)*DU27*(36/(37-(DZ27+DV27))),0)} -> 0 | EK27: {=IF(ISNUMBER(EA27),INDEX('hyper-reps-lookup-table'!$B$2:$AE$31,EA27,DV27+1)*DU27*(36/(37-(EA27+DV27))),0)} -> 0 | EL27: {=IF(ISNUMBER(EB27),INDEX('hyper-reps-lookup-table'!$B$2:$AE$31,EB27,DV27+1)*DU27*(36/(37-(EB27+DV27))),0)} -> 0 | EM27: {=IF(ISNUMBER(EC27),INDEX('hyper-reps-lookup-table'!$B$2:$AE$31,EC27,DV27+1)*DU27*(36/(37-(EC27+DV27))),0)} -> 0 | EN27: {=IF(ISNUMBER(ED27),INDEX('hyper-reps-lookup-table'!$B$2:$AE$31,ED27,DV27+1)*DU27*(36/(37-(ED27+DV27))),0)} -> 0 | EO27: {=IF(ISNUMBER(EE27),INDEX('hyper-reps-lookup-table'!$B$2:$AE$31,EE27,DV27+1)*DU27*(36/(37-(EE27+DV27))),0)} -> 0 | EP27: {=IF(ISNUMBER(EF27),INDEX('hyper-reps-lookup-table'!$B$2:$AE$31,EF27,DV27+1)*DU27*(36/(37-(EF27+DV27))),0)} -> 0 | EQ27: =IF(ER27>0,DU27/ER27,0%) -> 0 | ER27: =IF(ISNUMBER(DW27),DU27*(36/(37-(DW27+DV27))),0) -> 0 | ES27: =SUM(DW27:EF27)*DU27 -> 0 | ET27: =SUM(EG27:EP27) -> 0 | EU27: =MROUND(SUM(CV27:OFFSET(CV27,0,MIN(DR27,CG27)-1)),$H27) -> 0 | EV27: =MROUND(SUM(EG27:OFFSET(EG27,0,MIN(DR27,CG27)-1)),$H27) -> 0 | EW27: =EX9 -> 0 | EX27: =IF(AND(ISNUMBER(OFFSET(DW27,0,DR27-1)),DP27=CE27),IFS(EY27<0,0,EV27>EU27,1,EV27<EU27,-0.5,EV27=EU27,0),0) -> 0 | EY27: =EZ9 -> 0 | EZ27: =IFS(EY27=-1,-2,EY27=-2,0,EX27>0,1,(EX27+EW27)=-1,-1,EX27=0,0,EX27<0,0) -> 0
I28: =I3 -> Week 1 | AT28: =AT21 -> Week 2 | CE28: =CE21 -> Week 3 | DP28: =DP21 -> Week 4
I29: Exercise | J29: Sets Ovr | K29: Sets | L29: Wt Ovr | M29: Est Wt | N29: Weight | O29: RIR | P29: Rep Results | Z29: HVL | AJ29: % e1RM | AK29: e1RM | AL29: VL | AM29: HVL | AN29: cHVL-1 | AO29: cHVL | AP29: Score-1 | AQ29: Score | AR29: Rating-1 | AS29: Rating | AT29: Exercise | AU29: Sets Ovr | AV29: Sets | AW29: Wt Ovr | AX29: Est Wt | AY29: Weight | AZ29: RIR | BA29: Rep Results | BK29: HVL | BU29: % e1RM | BV29: e1RM | BW29: VL | BX29: HVL | BY29: cHVL-1 | BZ29: cHVL | CA29: Score-1 | CB29: Score | CC29: Rating-1 | CD29: Rating | CE29: Exercise | CF29: Sets Ovr | CG29: Sets | CH29: Wt Ovr | CI29: Est Wt | CJ29: Weight | CK29: RIR | CL29: Rep Results | CV29: HVL | DF29: % e1RM | DG29: e1RM | DH29: VL | DI29: HVL | DJ29: cHVL-1 | DK29: cHVL | DL29: Score-1 | DM29: Score | DN29: Rating-1 | DO29: Rating | DP29: Exercise | DQ29: Sets Ovr | DR29: Sets | DS29: Wt Ovr | DT29: Est Wt | DU29: Weight | DV29: RIR | DW29: Rep Results | EG29: HVL | EQ29: % e1RM | ER29: e1RM | ES29: VL | ET29: HVL | EU29: cHVL-1 | EV29: cHVL | EW29: Score-1 | EX29: Score | EY29: Rating-1 | EZ29: Rating
B30: Workout | C30: 1RM | D30: MIN (1RM) | E30: MAX (1RM) | F30: MAX (Sets) | G30: MAX (Weight) | H30: Multiple | I30: Day 4: | AT30: Day 4: | CE30: Day 4: | DP30: Day 4:
